2026-08-21 16:01:38.011 Uvicorn server started on :::8520

  You can now view your Streamlit app in your browser.

  Local URL: http://localhost:8520
  Network URL: http://192.168.1.2:8520
  External URL: http://106.202.106.163:8520

  For better performance, install the Watchdog module:

  $ xcode-select --install
  $ pip install watchdog
            
2026-08-21 16:02:11.905 Please replace `use_container_width` with `width`.

`use_container_width` will be removed after 2025-12-31.

For `use_container_width=True`, use `width='stretch'`. For `use_container_width=False`, use `width='content'`.
2026-08-21 16:02:11.914 Please replace `use_container_width` with `width`.

`use_container_width` will be removed after 2025-12-31.

For `use_container_width=True`, use `width='stretch'`. For `use_container_width=False`, use `width='content'`.
2026-08-21 16:02:11.945 Please replace `use_container_width` with `width`.

`use_container_width` will be removed after 2025-12-31.

For `use_container_width=True`, use `width='stretch'`. For `use_container_width=False`, use `width='content'`.
2026-08-21 16:02:11.955 Please replace `use_container_width` with `width`.

`use_container_width` will be removed after 2025-12-31.

For `use_container_width=True`, use `width='stretch'`. For `use_container_width=False`, use `width='content'`.
2026-08-21 16:02:11.961 Please replace `use_container_width` with `width`.

`use_container_width` will be removed after 2025-12-31.

For `use_container_width=True`, use `width='stretch'`. For `use_container_width=False`, use `width='content'`.
2026-08-21 16:02:11.972 Please replace `use_container_width` with `width`.

`use_container_width` will be removed after 2025-12-31.

For `use_container_width=True`, use `width='stretch'`. For `use_container_width=False`, use `width='content'`.
2026-08-21 16:02:11.978 Please replace `use_container_width` with `width`.

`use_container_width` will be removed after 2025-12-31.

For `use_container_width=True`, use `width='stretch'`. For `use_container_width=False`, use `width='content'`.
2026-08-21 16:02:11.995 Please replace `use_container_width` with `width`.

`use_container_width` will be removed after 2025-12-31.

For `use_container_width=True`, use `width='stretch'`. For `use_container_width=False`, use `width='content'`.
2026-08-21 16:02:12.024 Please replace `use_container_width` with `width`.

`use_container_width` will be removed after 2025-12-31.

For `use_container_width=True`, use `width='stretch'`. For `use_container_width=False`, use `width='content'`.
2026-08-21 16:02:12.040 Please replace `use_container_width` with `width`.

`use_container_width` will be removed after 2025-12-31.

For `use_container_width=True`, use `width='stretch'`. For `use_container_width=False`, use `width='content'`.
2026-08-21 16:02:12.042 Please replace `use_container_width` with `width`.

`use_container_width` will be removed after 2025-12-31.

For `use_container_width=True`, use `width='stretch'`. For `use_container_width=False`, use `width='content'`.
2026-08-21 16:02:12.044 Please replace `use_container_width` with `width`.

`use_container_width` will be removed after 2025-12-31.

For `use_container_width=True`, use `width='stretch'`. For `use_container_width=False`, use `width='content'`.
2026-08-21 16:02:12.046 Please replace `use_container_width` with `width`.

`use_container_width` will be removed after 2025-12-31.

For `use_container_width=True`, use `width='stretch'`. For `use_container_width=False`, use `width='content'`.
2026-08-21 16:02:12.048 Please replace `use_container_width` with `width`.

`use_container_width` will be removed after 2025-12-31.

For `use_container_width=True`, use `width='stretch'`. For `use_container_width=False`, use `width='content'`.
2026-08-21 16:02:12.051 Please replace `use_container_width` with `width`.

`use_container_width` will be removed after 2025-12-31.

For `use_container_width=True`, use `width='stretch'`. For `use_container_width=False`, use `width='content'`.
2026-08-21 16:02:12.054 Please replace `use_container_width` with `width`.

`use_container_width` will be removed after 2025-12-31.

For `use_container_width=True`, use `width='stretch'`. For `use_container_width=False`, use `width='content'`.
2026-08-21 16:02:12.059 Please replace `use_container_width` with `width`.

`use_container_width` will be removed after 2025-12-31.

For `use_container_width=True`, use `width='stretch'`. For `use_container_width=False`, use `width='content'`.
2026-08-21 16:02:12.066 Please replace `use_container_width` with `width`.

`use_container_width` will be removed after 2025-12-31.

For `use_container_width=True`, use `width='stretch'`. For `use_container_width=False`, use `width='content'`.
2026-08-21 16:02:12.068 Please replace `use_container_width` with `width`.

`use_container_width` will be removed after 2025-12-31.

For `use_container_width=True`, use `width='stretch'`. For `use_container_width=False`, use `width='content'`.
2026-08-21 16:02:12.070 Please replace `use_container_width` with `width`.

`use_container_width` will be removed after 2025-12-31.

For `use_container_width=True`, use `width='stretch'`. For `use_container_width=False`, use `width='content'`.
Loading weights:   0%|          | 0/199 [00:00<?, ?it/s]Loading weights: 100%|██████████| 199/199 [00:00<00:00, 5685.55it/s]
/Users/shauryakesarwani/lawline-ai/lawline/index/embedder.py:29: FutureWarning: The `get_sentence_embedding_dimension` method has been renamed to `get_embedding_dimension`.
  self.dim = self.model.get_sentence_embedding_dimension()
Warning: You are sending unauthenticated requests to the HF Hub. Please set a HF_TOKEN to enable higher rate limits and faster downloads.
Loading weights:   0%|          | 0/105 [00:00<?, ?it/s]Loading weights: 100%|██████████| 105/105 [00:00<00:00, 7630.76it/s]
2026-08-21 16:03:07.272 Examining the path of transformers.models.aria.image_processing_aria_fast raised:
Traceback (most recent call last):
  File "/Users/shauryakesarwani/lawline-ai/.venv/lib/python3.12/site-packages/streamlit/watcher/local_sources_watcher.py", line 340, in get_module_paths
    potential_paths = extract_paths(module)
                      ^^^^^^^^^^^^^^^^^^^^^
  File "/Users/shauryakesarwani/lawline-ai/.venv/lib/python3.12/site-packages/streamlit/watcher/local_sources_watcher.py", line 327, in <lambda>
    if hasattr(m, "__path__")
       ^^^^^^^^^^^^^^^^^^^^^^
  File "/Users/shauryakesarwani/lawline-ai/.venv/lib/python3.12/site-packages/transformers/__init__.py", line 862, in _getattr
    return getattr(importlib.import_module(target, __name__), name)
                   ^^^^^^^^^^^^^^^^^^^^^^^^^^^^^^^^^^^^^^^^^
  File "/opt/homebrew/Cellar/python@3.12/3.12.7_1/Frameworks/Python.framework/Versions/3.12/lib/python3.12/importlib/__init__.py", line 90, in import_module
    return _bootstrap._gcd_import(name[level:], package, level)
           ^^^^^^^^^^^^^^^^^^^^^^^^^^^^^^^^^^^^^^^^^^^^^^^^^^^^
  File "<frozen importlib._bootstrap>", line 1387, in _gcd_import
  File "<frozen importlib._bootstrap>", line 1360, in _find_and_load
  File "<frozen importlib._bootstrap>", line 1331, in _find_and_load_unlocked
  File "<frozen importlib._bootstrap>", line 935, in _load_unlocked
  File "<frozen importlib._bootstrap_external>", line 995, in exec_module
  File "<frozen importlib._bootstrap>", line 488, in _call_with_frames_removed
  File "/Users/shauryakesarwani/lawline-ai/.venv/lib/python3.12/site-packages/transformers/models/aria/image_processing_aria.py", line 23, in <module>
    from torchvision.transforms.v2 import functional as tvF
ModuleNotFoundError: No module named 'torchvision'
2026-08-21 16:03:07.278 Examining the path of transformers.models.beit.image_processing_beit_fast raised:
Traceback (most recent call last):
  File "/Users/shauryakesarwani/lawline-ai/.venv/lib/python3.12/site-packages/streamlit/watcher/local_sources_watcher.py", line 340, in get_module_paths
    potential_paths = extract_paths(module)
                      ^^^^^^^^^^^^^^^^^^^^^
  File "/Users/shauryakesarwani/lawline-ai/.venv/lib/python3.12/site-packages/streamlit/watcher/local_sources_watcher.py", line 327, in <lambda>
    if hasattr(m, "__path__")
       ^^^^^^^^^^^^^^^^^^^^^^
  File "/Users/shauryakesarwani/lawline-ai/.venv/lib/python3.12/site-packages/transformers/__init__.py", line 862, in _getattr
    return getattr(importlib.import_module(target, __name__), name)
                   ^^^^^^^^^^^^^^^^^^^^^^^^^^^^^^^^^^^^^^^^^
  File "/opt/homebrew/Cellar/python@3.12/3.12.7_1/Frameworks/Python.framework/Versions/3.12/lib/python3.12/importlib/__init__.py", line 90, in import_module
    return _bootstrap._gcd_import(name[level:], package, level)
           ^^^^^^^^^^^^^^^^^^^^^^^^^^^^^^^^^^^^^^^^^^^^^^^^^^^^
  File "<frozen importlib._bootstrap>", line 1387, in _gcd_import
  File "<frozen importlib._bootstrap>", line 1360, in _find_and_load
  File "<frozen importlib._bootstrap>", line 1331, in _find_and_load_unlocked
  File "<frozen importlib._bootstrap>", line 935, in _load_unlocked
  File "<frozen importlib._bootstrap_external>", line 995, in exec_module
  File "<frozen importlib._bootstrap>", line 488, in _call_with_frames_removed
  File "/Users/shauryakesarwani/lawline-ai/.venv/lib/python3.12/site-packages/transformers/models/beit/image_processing_beit.py", line 20, in <module>
    from torchvision.transforms.v2 import functional as tvF
ModuleNotFoundError: No module named 'torchvision'
2026-08-21 16:03:07.305 Examining the path of transformers.models.bridgetower.image_processing_bridgetower_fast raised:
Traceback (most recent call last):
  File "/Users/shauryakesarwani/lawline-ai/.venv/lib/python3.12/site-packages/streamlit/watcher/local_sources_watcher.py", line 340, in get_module_paths
    potential_paths = extract_paths(module)
                      ^^^^^^^^^^^^^^^^^^^^^
  File "/Users/shauryakesarwani/lawline-ai/.venv/lib/python3.12/site-packages/streamlit/watcher/local_sources_watcher.py", line 327, in <lambda>
    if hasattr(m, "__path__")
       ^^^^^^^^^^^^^^^^^^^^^^
  File "/Users/shauryakesarwani/lawline-ai/.venv/lib/python3.12/site-packages/transformers/__init__.py", line 862, in _getattr
    return getattr(importlib.import_module(target, __name__), name)
                   ^^^^^^^^^^^^^^^^^^^^^^^^^^^^^^^^^^^^^^^^^
  File "/opt/homebrew/Cellar/python@3.12/3.12.7_1/Frameworks/Python.framework/Versions/3.12/lib/python3.12/importlib/__init__.py", line 90, in import_module
    return _bootstrap._gcd_import(name[level:], package, level)
           ^^^^^^^^^^^^^^^^^^^^^^^^^^^^^^^^^^^^^^^^^^^^^^^^^^^^
  File "<frozen importlib._bootstrap>", line 1387, in _gcd_import
  File "<frozen importlib._bootstrap>", line 1360, in _find_and_load
  File "<frozen importlib._bootstrap>", line 1331, in _find_and_load_unlocked
  File "<frozen importlib._bootstrap>", line 935, in _load_unlocked
  File "<frozen importlib._bootstrap_external>", line 995, in exec_module
  File "<frozen importlib._bootstrap>", line 488, in _call_with_frames_removed
  File "/Users/shauryakesarwani/lawline-ai/.venv/lib/python3.12/site-packages/transformers/models/bridgetower/image_processing_bridgetower.py", line 20, in <module>
    from torchvision.transforms.v2 import functional as tvF
ModuleNotFoundError: No module named 'torchvision'
2026-08-21 16:03:07.315 Examining the path of transformers.models.chmv2.image_processing_chmv2_fast raised:
Traceback (most recent call last):
  File "/Users/shauryakesarwani/lawline-ai/.venv/lib/python3.12/site-packages/streamlit/watcher/local_sources_watcher.py", line 340, in get_module_paths
    potential_paths = extract_paths(module)
                      ^^^^^^^^^^^^^^^^^^^^^
  File "/Users/shauryakesarwani/lawline-ai/.venv/lib/python3.12/site-packages/streamlit/watcher/local_sources_watcher.py", line 327, in <lambda>
    if hasattr(m, "__path__")
       ^^^^^^^^^^^^^^^^^^^^^^
  File "/Users/shauryakesarwani/lawline-ai/.venv/lib/python3.12/site-packages/transformers/__init__.py", line 862, in _getattr
    return getattr(importlib.import_module(target, __name__), name)
                   ^^^^^^^^^^^^^^^^^^^^^^^^^^^^^^^^^^^^^^^^^
  File "/opt/homebrew/Cellar/python@3.12/3.12.7_1/Frameworks/Python.framework/Versions/3.12/lib/python3.12/importlib/__init__.py", line 90, in import_module
    return _bootstrap._gcd_import(name[level:], package, level)
           ^^^^^^^^^^^^^^^^^^^^^^^^^^^^^^^^^^^^^^^^^^^^^^^^^^^^
  File "<frozen importlib._bootstrap>", line 1387, in _gcd_import
  File "<frozen importlib._bootstrap>", line 1360, in _find_and_load
  File "<frozen importlib._bootstrap>", line 1331, in _find_and_load_unlocked
  File "<frozen importlib._bootstrap>", line 935, in _load_unlocked
  File "<frozen importlib._bootstrap_external>", line 995, in exec_module
  File "<frozen importlib._bootstrap>", line 488, in _call_with_frames_removed
  File "/Users/shauryakesarwani/lawline-ai/.venv/lib/python3.12/site-packages/transformers/models/chmv2/image_processing_chmv2.py", line 27, in <module>
    from torchvision.transforms.v2 import functional as tvF
ModuleNotFoundError: No module named 'torchvision'
2026-08-21 16:03:07.323 Examining the path of transformers.models.cohere2_vision.image_processing_cohere2_vision_fast raised:
Traceback (most recent call last):
  File "/Users/shauryakesarwani/lawline-ai/.venv/lib/python3.12/site-packages/streamlit/watcher/local_sources_watcher.py", line 340, in get_module_paths
    potential_paths = extract_paths(module)
                      ^^^^^^^^^^^^^^^^^^^^^
  File "/Users/shauryakesarwani/lawline-ai/.venv/lib/python3.12/site-packages/streamlit/watcher/local_sources_watcher.py", line 327, in <lambda>
    if hasattr(m, "__path__")
       ^^^^^^^^^^^^^^^^^^^^^^
  File "/Users/shauryakesarwani/lawline-ai/.venv/lib/python3.12/site-packages/transformers/__init__.py", line 862, in _getattr
    return getattr(importlib.import_module(target, __name__), name)
                   ^^^^^^^^^^^^^^^^^^^^^^^^^^^^^^^^^^^^^^^^^
  File "/opt/homebrew/Cellar/python@3.12/3.12.7_1/Frameworks/Python.framework/Versions/3.12/lib/python3.12/importlib/__init__.py", line 90, in import_module
    return _bootstrap._gcd_import(name[level:], package, level)
           ^^^^^^^^^^^^^^^^^^^^^^^^^^^^^^^^^^^^^^^^^^^^^^^^^^^^
  File "<frozen importlib._bootstrap>", line 1387, in _gcd_import
  File "<frozen importlib._bootstrap>", line 1360, in _find_and_load
  File "<frozen importlib._bootstrap>", line 1331, in _find_and_load_unlocked
  File "<frozen importlib._bootstrap>", line 935, in _load_unlocked
  File "<frozen importlib._bootstrap_external>", line 995, in exec_module
  File "<frozen importlib._bootstrap>", line 488, in _call_with_frames_removed
  File "/Users/shauryakesarwani/lawline-ai/.venv/lib/python3.12/site-packages/transformers/models/cohere2_vision/image_processing_cohere2_vision.py", line 25, in <module>
    from torchvision.transforms.v2 import functional as tvF
ModuleNotFoundError: No module named 'torchvision'
2026-08-21 16:03:07.326 Examining the path of transformers.models.conditional_detr.image_processing_conditional_detr_fast raised:
Traceback (most recent call last):
  File "/Users/shauryakesarwani/lawline-ai/.venv/lib/python3.12/site-packages/streamlit/watcher/local_sources_watcher.py", line 340, in get_module_paths
    potential_paths = extract_paths(module)
                      ^^^^^^^^^^^^^^^^^^^^^
  File "/Users/shauryakesarwani/lawline-ai/.venv/lib/python3.12/site-packages/streamlit/watcher/local_sources_watcher.py", line 327, in <lambda>
    if hasattr(m, "__path__")
       ^^^^^^^^^^^^^^^^^^^^^^
  File "/Users/shauryakesarwani/lawline-ai/.venv/lib/python3.12/site-packages/transformers/__init__.py", line 862, in _getattr
    return getattr(importlib.import_module(target, __name__), name)
                   ^^^^^^^^^^^^^^^^^^^^^^^^^^^^^^^^^^^^^^^^^
  File "/opt/homebrew/Cellar/python@3.12/3.12.7_1/Frameworks/Python.framework/Versions/3.12/lib/python3.12/importlib/__init__.py", line 90, in import_module
    return _bootstrap._gcd_import(name[level:], package, level)
           ^^^^^^^^^^^^^^^^^^^^^^^^^^^^^^^^^^^^^^^^^^^^^^^^^^^^
  File "<frozen importlib._bootstrap>", line 1387, in _gcd_import
  File "<frozen importlib._bootstrap>", line 1360, in _find_and_load
  File "<frozen importlib._bootstrap>", line 1331, in _find_and_load_unlocked
  File "<frozen importlib._bootstrap>", line 935, in _load_unlocked
  File "<frozen importlib._bootstrap_external>", line 995, in exec_module
  File "<frozen importlib._bootstrap>", line 488, in _call_with_frames_removed
  File "/Users/shauryakesarwani/lawline-ai/.venv/lib/python3.12/site-packages/transformers/models/conditional_detr/image_processing_conditional_detr.py", line 27, in <module>
    from torchvision.io import read_image
ModuleNotFoundError: No module named 'torchvision'
2026-08-21 16:03:07.331 Examining the path of transformers.models.convnext.image_processing_convnext_fast raised:
Traceback (most recent call last):
  File "/Users/shauryakesarwani/lawline-ai/.venv/lib/python3.12/site-packages/streamlit/watcher/local_sources_watcher.py", line 340, in get_module_paths
    potential_paths = extract_paths(module)
                      ^^^^^^^^^^^^^^^^^^^^^
  File "/Users/shauryakesarwani/lawline-ai/.venv/lib/python3.12/site-packages/streamlit/watcher/local_sources_watcher.py", line 327, in <lambda>
    if hasattr(m, "__path__")
       ^^^^^^^^^^^^^^^^^^^^^^
  File "/Users/shauryakesarwani/lawline-ai/.venv/lib/python3.12/site-packages/transformers/__init__.py", line 862, in _getattr
    return getattr(importlib.import_module(target, __name__), name)
                   ^^^^^^^^^^^^^^^^^^^^^^^^^^^^^^^^^^^^^^^^^
  File "/opt/homebrew/Cellar/python@3.12/3.12.7_1/Frameworks/Python.framework/Versions/3.12/lib/python3.12/importlib/__init__.py", line 90, in import_module
    return _bootstrap._gcd_import(name[level:], package, level)
           ^^^^^^^^^^^^^^^^^^^^^^^^^^^^^^^^^^^^^^^^^^^^^^^^^^^^
  File "<frozen importlib._bootstrap>", line 1387, in _gcd_import
  File "<frozen importlib._bootstrap>", line 1360, in _find_and_load
  File "<frozen importlib._bootstrap>", line 1331, in _find_and_load_unlocked
  File "<frozen importlib._bootstrap>", line 935, in _load_unlocked
  File "<frozen importlib._bootstrap_external>", line 995, in exec_module
  File "<frozen importlib._bootstrap>", line 488, in _call_with_frames_removed
  File "/Users/shauryakesarwani/lawline-ai/.venv/lib/python3.12/site-packages/transformers/models/convnext/image_processing_convnext.py", line 17, in <module>
    from torchvision.transforms.v2 import functional as tvF
ModuleNotFoundError: No module named 'torchvision'
2026-08-21 16:03:07.334 Examining the path of transformers.models.cosmos3_edge.image_processing_cosmos3_edge_fast raised:
Traceback (most recent call last):
  File "/Users/shauryakesarwani/lawline-ai/.venv/lib/python3.12/site-packages/streamlit/watcher/local_sources_watcher.py", line 340, in get_module_paths
    potential_paths = extract_paths(module)
                      ^^^^^^^^^^^^^^^^^^^^^
  File "/Users/shauryakesarwani/lawline-ai/.venv/lib/python3.12/site-packages/streamlit/watcher/local_sources_watcher.py", line 327, in <lambda>
    if hasattr(m, "__path__")
       ^^^^^^^^^^^^^^^^^^^^^^
  File "/Users/shauryakesarwani/lawline-ai/.venv/lib/python3.12/site-packages/transformers/__init__.py", line 862, in _getattr
    return getattr(importlib.import_module(target, __name__), name)
                   ^^^^^^^^^^^^^^^^^^^^^^^^^^^^^^^^^^^^^^^^^
  File "/opt/homebrew/Cellar/python@3.12/3.12.7_1/Frameworks/Python.framework/Versions/3.12/lib/python3.12/importlib/__init__.py", line 90, in import_module
    return _bootstrap._gcd_import(name[level:], package, level)
           ^^^^^^^^^^^^^^^^^^^^^^^^^^^^^^^^^^^^^^^^^^^^^^^^^^^^
  File "<frozen importlib._bootstrap>", line 1387, in _gcd_import
  File "<frozen importlib._bootstrap>", line 1360, in _find_and_load
  File "<frozen importlib._bootstrap>", line 1331, in _find_and_load_unlocked
  File "<frozen importlib._bootstrap>", line 935, in _load_unlocked
  File "<frozen importlib._bootstrap_external>", line 995, in exec_module
  File "<frozen importlib._bootstrap>", line 488, in _call_with_frames_removed
  File "/Users/shauryakesarwani/lawline-ai/.venv/lib/python3.12/site-packages/transformers/models/cosmos3_edge/image_processing_cosmos3_edge.py", line 23, in <module>
    from torchvision.transforms.v2 import functional as tvF
ModuleNotFoundError: No module named 'torchvision'
2026-08-21 16:03:07.341 Examining the path of transformers.models.deepseek_ocr2.image_processing_deepseek_ocr2_fast raised:
Traceback (most recent call last):
  File "/Users/shauryakesarwani/lawline-ai/.venv/lib/python3.12/site-packages/streamlit/watcher/local_sources_watcher.py", line 340, in get_module_paths
    potential_paths = extract_paths(module)
                      ^^^^^^^^^^^^^^^^^^^^^
  File "/Users/shauryakesarwani/lawline-ai/.venv/lib/python3.12/site-packages/streamlit/watcher/local_sources_watcher.py", line 327, in <lambda>
    if hasattr(m, "__path__")
       ^^^^^^^^^^^^^^^^^^^^^^
  File "/Users/shauryakesarwani/lawline-ai/.venv/lib/python3.12/site-packages/transformers/__init__.py", line 862, in _getattr
    return getattr(importlib.import_module(target, __name__), name)
                   ^^^^^^^^^^^^^^^^^^^^^^^^^^^^^^^^^^^^^^^^^
  File "/opt/homebrew/Cellar/python@3.12/3.12.7_1/Frameworks/Python.framework/Versions/3.12/lib/python3.12/importlib/__init__.py", line 90, in import_module
    return _bootstrap._gcd_import(name[level:], package, level)
           ^^^^^^^^^^^^^^^^^^^^^^^^^^^^^^^^^^^^^^^^^^^^^^^^^^^^
  File "<frozen importlib._bootstrap>", line 1387, in _gcd_import
  File "<frozen importlib._bootstrap>", line 1360, in _find_and_load
  File "<frozen importlib._bootstrap>", line 1331, in _find_and_load_unlocked
  File "<frozen importlib._bootstrap>", line 935, in _load_unlocked
  File "<frozen importlib._bootstrap_external>", line 995, in exec_module
  File "<frozen importlib._bootstrap>", line 488, in _call_with_frames_removed
  File "/Users/shauryakesarwani/lawline-ai/.venv/lib/python3.12/site-packages/transformers/models/deepseek_ocr2/image_processing_deepseek_ocr2.py", line 24, in <module>
    from torchvision.transforms.v2 import functional as tvF
ModuleNotFoundError: No module named 'torchvision'
2026-08-21 16:03:07.344 Examining the path of transformers.models.deepseek_vl.image_processing_deepseek_vl_fast raised:
Traceback (most recent call last):
  File "/Users/shauryakesarwani/lawline-ai/.venv/lib/python3.12/site-packages/streamlit/watcher/local_sources_watcher.py", line 340, in get_module_paths
    potential_paths = extract_paths(module)
                      ^^^^^^^^^^^^^^^^^^^^^
  File "/Users/shauryakesarwani/lawline-ai/.venv/lib/python3.12/site-packages/streamlit/watcher/local_sources_watcher.py", line 327, in <lambda>
    if hasattr(m, "__path__")
       ^^^^^^^^^^^^^^^^^^^^^^
  File "/Users/shauryakesarwani/lawline-ai/.venv/lib/python3.12/site-packages/transformers/__init__.py", line 862, in _getattr
    return getattr(importlib.import_module(target, __name__), name)
                   ^^^^^^^^^^^^^^^^^^^^^^^^^^^^^^^^^^^^^^^^^
  File "/opt/homebrew/Cellar/python@3.12/3.12.7_1/Frameworks/Python.framework/Versions/3.12/lib/python3.12/importlib/__init__.py", line 90, in import_module
    return _bootstrap._gcd_import(name[level:], package, level)
           ^^^^^^^^^^^^^^^^^^^^^^^^^^^^^^^^^^^^^^^^^^^^^^^^^^^^
  File "<frozen importlib._bootstrap>", line 1387, in _gcd_import
  File "<frozen importlib._bootstrap>", line 1360, in _find_and_load
  File "<frozen importlib._bootstrap>", line 1331, in _find_and_load_unlocked
  File "<frozen importlib._bootstrap>", line 935, in _load_unlocked
  File "<frozen importlib._bootstrap_external>", line 995, in exec_module
  File "<frozen importlib._bootstrap>", line 488, in _call_with_frames_removed
  File "/Users/shauryakesarwani/lawline-ai/.venv/lib/python3.12/site-packages/transformers/models/deepseek_vl/image_processing_deepseek_vl.py", line 23, in <module>
    import torchvision.transforms.v2.functional as tvF
ModuleNotFoundError: No module named 'torchvision'
2026-08-21 16:03:07.348 Examining the path of transformers.models.deepseek_vl_hybrid.image_processing_deepseek_vl_hybrid_fast raised:
Traceback (most recent call last):
  File "/Users/shauryakesarwani/lawline-ai/.venv/lib/python3.12/site-packages/streamlit/watcher/local_sources_watcher.py", line 340, in get_module_paths
    potential_paths = extract_paths(module)
                      ^^^^^^^^^^^^^^^^^^^^^
  File "/Users/shauryakesarwani/lawline-ai/.venv/lib/python3.12/site-packages/streamlit/watcher/local_sources_watcher.py", line 327, in <lambda>
    if hasattr(m, "__path__")
       ^^^^^^^^^^^^^^^^^^^^^^
  File "/Users/shauryakesarwani/lawline-ai/.venv/lib/python3.12/site-packages/transformers/__init__.py", line 862, in _getattr
    return getattr(importlib.import_module(target, __name__), name)
                   ^^^^^^^^^^^^^^^^^^^^^^^^^^^^^^^^^^^^^^^^^
  File "/opt/homebrew/Cellar/python@3.12/3.12.7_1/Frameworks/Python.framework/Versions/3.12/lib/python3.12/importlib/__init__.py", line 90, in import_module
    return _bootstrap._gcd_import(name[level:], package, level)
           ^^^^^^^^^^^^^^^^^^^^^^^^^^^^^^^^^^^^^^^^^^^^^^^^^^^^
  File "<frozen importlib._bootstrap>", line 1387, in _gcd_import
  File "<frozen importlib._bootstrap>", line 1360, in _find_and_load
  File "<frozen importlib._bootstrap>", line 1331, in _find_and_load_unlocked
  File "<frozen importlib._bootstrap>", line 935, in _load_unlocked
  File "<frozen importlib._bootstrap_external>", line 995, in exec_module
  File "<frozen importlib._bootstrap>", line 488, in _call_with_frames_removed
  File "/Users/shauryakesarwani/lawline-ai/.venv/lib/python3.12/site-packages/transformers/models/deepseek_vl_hybrid/image_processing_deepseek_vl_hybrid.py", line 25, in <module>
    import torchvision.transforms.v2.functional as tvF
ModuleNotFoundError: No module named 'torchvision'
2026-08-21 16:03:07.353 Examining the path of transformers.models.deformable_detr.image_processing_deformable_detr_fast raised:
Traceback (most recent call last):
  File "/Users/shauryakesarwani/lawline-ai/.venv/lib/python3.12/site-packages/streamlit/watcher/local_sources_watcher.py", line 340, in get_module_paths
    potential_paths = extract_paths(module)
                      ^^^^^^^^^^^^^^^^^^^^^
  File "/Users/shauryakesarwani/lawline-ai/.venv/lib/python3.12/site-packages/streamlit/watcher/local_sources_watcher.py", line 327, in <lambda>
    if hasattr(m, "__path__")
       ^^^^^^^^^^^^^^^^^^^^^^
  File "/Users/shauryakesarwani/lawline-ai/.venv/lib/python3.12/site-packages/transformers/__init__.py", line 862, in _getattr
    return getattr(importlib.import_module(target, __name__), name)
                   ^^^^^^^^^^^^^^^^^^^^^^^^^^^^^^^^^^^^^^^^^
  File "/opt/homebrew/Cellar/python@3.12/3.12.7_1/Frameworks/Python.framework/Versions/3.12/lib/python3.12/importlib/__init__.py", line 90, in import_module
    return _bootstrap._gcd_import(name[level:], package, level)
           ^^^^^^^^^^^^^^^^^^^^^^^^^^^^^^^^^^^^^^^^^^^^^^^^^^^^
  File "<frozen importlib._bootstrap>", line 1387, in _gcd_import
  File "<frozen importlib._bootstrap>", line 1360, in _find_and_load
  File "<frozen importlib._bootstrap>", line 1331, in _find_and_load_unlocked
  File "<frozen importlib._bootstrap>", line 935, in _load_unlocked
  File "<frozen importlib._bootstrap_external>", line 995, in exec_module
  File "<frozen importlib._bootstrap>", line 488, in _call_with_frames_removed
  File "/Users/shauryakesarwani/lawline-ai/.venv/lib/python3.12/site-packages/transformers/models/deformable_detr/image_processing_deformable_detr.py", line 25, in <module>
    from torchvision.io import read_image
ModuleNotFoundError: No module named 'torchvision'
2026-08-21 16:03:07.361 Examining the path of transformers.models.depth_pro.image_processing_depth_pro_fast raised:
Traceback (most recent call last):
  File "/Users/shauryakesarwani/lawline-ai/.venv/lib/python3.12/site-packages/streamlit/watcher/local_sources_watcher.py", line 340, in get_module_paths
    potential_paths = extract_paths(module)
                      ^^^^^^^^^^^^^^^^^^^^^
  File "/Users/shauryakesarwani/lawline-ai/.venv/lib/python3.12/site-packages/streamlit/watcher/local_sources_watcher.py", line 327, in <lambda>
    if hasattr(m, "__path__")
       ^^^^^^^^^^^^^^^^^^^^^^
  File "/Users/shauryakesarwani/lawline-ai/.venv/lib/python3.12/site-packages/transformers/__init__.py", line 862, in _getattr
    return getattr(importlib.import_module(target, __name__), name)
                   ^^^^^^^^^^^^^^^^^^^^^^^^^^^^^^^^^^^^^^^^^
  File "/opt/homebrew/Cellar/python@3.12/3.12.7_1/Frameworks/Python.framework/Versions/3.12/lib/python3.12/importlib/__init__.py", line 90, in import_module
    return _bootstrap._gcd_import(name[level:], package, level)
           ^^^^^^^^^^^^^^^^^^^^^^^^^^^^^^^^^^^^^^^^^^^^^^^^^^^^
  File "<frozen importlib._bootstrap>", line 1387, in _gcd_import
  File "<frozen importlib._bootstrap>", line 1360, in _find_and_load
  File "<frozen importlib._bootstrap>", line 1331, in _find_and_load_unlocked
  File "<frozen importlib._bootstrap>", line 935, in _load_unlocked
  File "<frozen importlib._bootstrap_external>", line 995, in exec_module
  File "<frozen importlib._bootstrap>", line 488, in _call_with_frames_removed
  File "/Users/shauryakesarwani/lawline-ai/.venv/lib/python3.12/site-packages/transformers/models/depth_pro/image_processing_depth_pro.py", line 19, in <module>
    from torchvision.transforms.v2 import functional as tvF
ModuleNotFoundError: No module named 'torchvision'
2026-08-21 16:03:07.364 Examining the path of transformers.models.detr.image_processing_detr_fast raised:
Traceback (most recent call last):
  File "/Users/shauryakesarwani/lawline-ai/.venv/lib/python3.12/site-packages/streamlit/watcher/local_sources_watcher.py", line 340, in get_module_paths
    potential_paths = extract_paths(module)
                      ^^^^^^^^^^^^^^^^^^^^^
  File "/Users/shauryakesarwani/lawline-ai/.venv/lib/python3.12/site-packages/streamlit/watcher/local_sources_watcher.py", line 327, in <lambda>
    if hasattr(m, "__path__")
       ^^^^^^^^^^^^^^^^^^^^^^
  File "/Users/shauryakesarwani/lawline-ai/.venv/lib/python3.12/site-packages/transformers/__init__.py", line 862, in _getattr
    return getattr(importlib.import_module(target, __name__), name)
                   ^^^^^^^^^^^^^^^^^^^^^^^^^^^^^^^^^^^^^^^^^
  File "/opt/homebrew/Cellar/python@3.12/3.12.7_1/Frameworks/Python.framework/Versions/3.12/lib/python3.12/importlib/__init__.py", line 90, in import_module
    return _bootstrap._gcd_import(name[level:], package, level)
           ^^^^^^^^^^^^^^^^^^^^^^^^^^^^^^^^^^^^^^^^^^^^^^^^^^^^
  File "<frozen importlib._bootstrap>", line 1387, in _gcd_import
  File "<frozen importlib._bootstrap>", line 1360, in _find_and_load
  File "<frozen importlib._bootstrap>", line 1331, in _find_and_load_unlocked
  File "<frozen importlib._bootstrap>", line 935, in _load_unlocked
  File "<frozen importlib._bootstrap_external>", line 995, in exec_module
  File "<frozen importlib._bootstrap>", line 488, in _call_with_frames_removed
  File "/Users/shauryakesarwani/lawline-ai/.venv/lib/python3.12/site-packages/transformers/models/detr/image_processing_detr.py", line 22, in <module>
    from torchvision.io import read_image
ModuleNotFoundError: No module named 'torchvision'
2026-08-21 16:03:07.369 Examining the path of transformers.models.dinov3_vit.image_processing_dinov3_vit_fast raised:
Traceback (most recent call last):
  File "/Users/shauryakesarwani/lawline-ai/.venv/lib/python3.12/site-packages/streamlit/watcher/local_sources_watcher.py", line 340, in get_module_paths
    potential_paths = extract_paths(module)
                      ^^^^^^^^^^^^^^^^^^^^^
  File "/Users/shauryakesarwani/lawline-ai/.venv/lib/python3.12/site-packages/streamlit/watcher/local_sources_watcher.py", line 327, in <lambda>
    if hasattr(m, "__path__")
       ^^^^^^^^^^^^^^^^^^^^^^
  File "/Users/shauryakesarwani/lawline-ai/.venv/lib/python3.12/site-packages/transformers/__init__.py", line 862, in _getattr
    return getattr(importlib.import_module(target, __name__), name)
                   ^^^^^^^^^^^^^^^^^^^^^^^^^^^^^^^^^^^^^^^^^
  File "/opt/homebrew/Cellar/python@3.12/3.12.7_1/Frameworks/Python.framework/Versions/3.12/lib/python3.12/importlib/__init__.py", line 90, in import_module
    return _bootstrap._gcd_import(name[level:], package, level)
           ^^^^^^^^^^^^^^^^^^^^^^^^^^^^^^^^^^^^^^^^^^^^^^^^^^^^
  File "<frozen importlib._bootstrap>", line 1387, in _gcd_import
  File "<frozen importlib._bootstrap>", line 1360, in _find_and_load
  File "<frozen importlib._bootstrap>", line 1331, in _find_and_load_unlocked
  File "<frozen importlib._bootstrap>", line 935, in _load_unlocked
  File "<frozen importlib._bootstrap_external>", line 995, in exec_module
  File "<frozen importlib._bootstrap>", line 488, in _call_with_frames_removed
  File "/Users/shauryakesarwani/lawline-ai/.venv/lib/python3.12/site-packages/transformers/models/dinov3_vit/image_processing_dinov3_vit.py", line 17, in <module>
    from torchvision.transforms.v2 import functional as tvF
ModuleNotFoundError: No module named 'torchvision'
2026-08-21 16:03:07.371 Examining the path of transformers.models.donut.image_processing_donut_fast raised:
Traceback (most recent call last):
  File "/Users/shauryakesarwani/lawline-ai/.venv/lib/python3.12/site-packages/streamlit/watcher/local_sources_watcher.py", line 340, in get_module_paths
    potential_paths = extract_paths(module)
                      ^^^^^^^^^^^^^^^^^^^^^
  File "/Users/shauryakesarwani/lawline-ai/.venv/lib/python3.12/site-packages/streamlit/watcher/local_sources_watcher.py", line 327, in <lambda>
    if hasattr(m, "__path__")
       ^^^^^^^^^^^^^^^^^^^^^^
  File "/Users/shauryakesarwani/lawline-ai/.venv/lib/python3.12/site-packages/transformers/__init__.py", line 862, in _getattr
    return getattr(importlib.import_module(target, __name__), name)
                   ^^^^^^^^^^^^^^^^^^^^^^^^^^^^^^^^^^^^^^^^^
  File "/opt/homebrew/Cellar/python@3.12/3.12.7_1/Frameworks/Python.framework/Versions/3.12/lib/python3.12/importlib/__init__.py", line 90, in import_module
    return _bootstrap._gcd_import(name[level:], package, level)
           ^^^^^^^^^^^^^^^^^^^^^^^^^^^^^^^^^^^^^^^^^^^^^^^^^^^^
  File "<frozen importlib._bootstrap>", line 1387, in _gcd_import
  File "<frozen importlib._bootstrap>", line 1360, in _find_and_load
  File "<frozen importlib._bootstrap>", line 1331, in _find_and_load_unlocked
  File "<frozen importlib._bootstrap>", line 935, in _load_unlocked
  File "<frozen importlib._bootstrap_external>", line 995, in exec_module
  File "<frozen importlib._bootstrap>", line 488, in _call_with_frames_removed
  File "/Users/shauryakesarwani/lawline-ai/.venv/lib/python3.12/site-packages/transformers/models/donut/image_processing_donut.py", line 17, in <module>
    from torchvision.transforms.v2 import functional as tvF
ModuleNotFoundError: No module named 'torchvision'
2026-08-21 16:03:07.375 Examining the path of transformers.models.dpt.image_processing_dpt_fast raised:
Traceback (most recent call last):
  File "/Users/shauryakesarwani/lawline-ai/.venv/lib/python3.12/site-packages/streamlit/watcher/local_sources_watcher.py", line 340, in get_module_paths
    potential_paths = extract_paths(module)
                      ^^^^^^^^^^^^^^^^^^^^^
  File "/Users/shauryakesarwani/lawline-ai/.venv/lib/python3.12/site-packages/streamlit/watcher/local_sources_watcher.py", line 327, in <lambda>
    if hasattr(m, "__path__")
       ^^^^^^^^^^^^^^^^^^^^^^
  File "/Users/shauryakesarwani/lawline-ai/.venv/lib/python3.12/site-packages/transformers/__init__.py", line 862, in _getattr
    return getattr(importlib.import_module(target, __name__), name)
                   ^^^^^^^^^^^^^^^^^^^^^^^^^^^^^^^^^^^^^^^^^
  File "/opt/homebrew/Cellar/python@3.12/3.12.7_1/Frameworks/Python.framework/Versions/3.12/lib/python3.12/importlib/__init__.py", line 90, in import_module
    return _bootstrap._gcd_import(name[level:], package, level)
           ^^^^^^^^^^^^^^^^^^^^^^^^^^^^^^^^^^^^^^^^^^^^^^^^^^^^
  File "<frozen importlib._bootstrap>", line 1387, in _gcd_import
  File "<frozen importlib._bootstrap>", line 1360, in _find_and_load
  File "<frozen importlib._bootstrap>", line 1331, in _find_and_load_unlocked
  File "<frozen importlib._bootstrap>", line 935, in _load_unlocked
  File "<frozen importlib._bootstrap_external>", line 995, in exec_module
  File "<frozen importlib._bootstrap>", line 488, in _call_with_frames_removed
  File "/Users/shauryakesarwani/lawline-ai/.venv/lib/python3.12/site-packages/transformers/models/dpt/image_processing_dpt.py", line 28, in <module>
    from torchvision.transforms.v2 import functional as tvF
ModuleNotFoundError: No module named 'torchvision'
2026-08-21 16:03:07.413 Examining the path of transformers.models.efficientloftr.image_processing_efficientloftr_fast raised:
Traceback (most recent call last):
  File "/Users/shauryakesarwani/lawline-ai/.venv/lib/python3.12/site-packages/streamlit/watcher/local_sources_watcher.py", line 340, in get_module_paths
    potential_paths = extract_paths(module)
                      ^^^^^^^^^^^^^^^^^^^^^
  File "/Users/shauryakesarwani/lawline-ai/.venv/lib/python3.12/site-packages/streamlit/watcher/local_sources_watcher.py", line 327, in <lambda>
    if hasattr(m, "__path__")
       ^^^^^^^^^^^^^^^^^^^^^^
  File "/Users/shauryakesarwani/lawline-ai/.venv/lib/python3.12/site-packages/transformers/__init__.py", line 862, in _getattr
    return getattr(importlib.import_module(target, __name__), name)
                   ^^^^^^^^^^^^^^^^^^^^^^^^^^^^^^^^^^^^^^^^^
  File "/opt/homebrew/Cellar/python@3.12/3.12.7_1/Frameworks/Python.framework/Versions/3.12/lib/python3.12/importlib/__init__.py", line 90, in import_module
    return _bootstrap._gcd_import(name[level:], package, level)
           ^^^^^^^^^^^^^^^^^^^^^^^^^^^^^^^^^^^^^^^^^^^^^^^^^^^^
  File "<frozen importlib._bootstrap>", line 1387, in _gcd_import
  File "<frozen importlib._bootstrap>", line 1360, in _find_and_load
  File "<frozen importlib._bootstrap>", line 1331, in _find_and_load_unlocked
  File "<frozen importlib._bootstrap>", line 935, in _load_unlocked
  File "<frozen importlib._bootstrap_external>", line 995, in exec_module
  File "<frozen importlib._bootstrap>", line 488, in _call_with_frames_removed
  File "/Users/shauryakesarwani/lawline-ai/.venv/lib/python3.12/site-packages/transformers/models/efficientloftr/image_processing_efficientloftr.py", line 10, in <module>
    from torchvision.transforms.v2 import functional as tvF
ModuleNotFoundError: No module named 'torchvision'
2026-08-21 16:03:07.418 Examining the path of transformers.models.efficientnet.image_processing_efficientnet_fast raised:
Traceback (most recent call last):
  File "/Users/shauryakesarwani/lawline-ai/.venv/lib/python3.12/site-packages/streamlit/watcher/local_sources_watcher.py", line 340, in get_module_paths
    potential_paths = extract_paths(module)
                      ^^^^^^^^^^^^^^^^^^^^^
  File "/Users/shauryakesarwani/lawline-ai/.venv/lib/python3.12/site-packages/streamlit/watcher/local_sources_watcher.py", line 327, in <lambda>
    if hasattr(m, "__path__")
       ^^^^^^^^^^^^^^^^^^^^^^
  File "/Users/shauryakesarwani/lawline-ai/.venv/lib/python3.12/site-packages/transformers/__init__.py", line 862, in _getattr
    return getattr(importlib.import_module(target, __name__), name)
                   ^^^^^^^^^^^^^^^^^^^^^^^^^^^^^^^^^^^^^^^^^
  File "/opt/homebrew/Cellar/python@3.12/3.12.7_1/Frameworks/Python.framework/Versions/3.12/lib/python3.12/importlib/__init__.py", line 90, in import_module
    return _bootstrap._gcd_import(name[level:], package, level)
           ^^^^^^^^^^^^^^^^^^^^^^^^^^^^^^^^^^^^^^^^^^^^^^^^^^^^
  File "<frozen importlib._bootstrap>", line 1387, in _gcd_import
  File "<frozen importlib._bootstrap>", line 1360, in _find_and_load
  File "<frozen importlib._bootstrap>", line 1331, in _find_and_load_unlocked
  File "<frozen importlib._bootstrap>", line 935, in _load_unlocked
  File "<frozen importlib._bootstrap_external>", line 995, in exec_module
  File "<frozen importlib._bootstrap>", line 488, in _call_with_frames_removed
  File "/Users/shauryakesarwani/lawline-ai/.venv/lib/python3.12/site-packages/transformers/models/efficientnet/image_processing_efficientnet.py", line 20, in <module>
    from torchvision.transforms.v2 import functional as tvF
ModuleNotFoundError: No module named 'torchvision'
2026-08-21 16:03:07.425 Examining the path of transformers.models.eomt.image_processing_eomt_fast raised:
Traceback (most recent call last):
  File "/Users/shauryakesarwani/lawline-ai/.venv/lib/python3.12/site-packages/streamlit/watcher/local_sources_watcher.py", line 340, in get_module_paths
    potential_paths = extract_paths(module)
                      ^^^^^^^^^^^^^^^^^^^^^
  File "/Users/shauryakesarwani/lawline-ai/.venv/lib/python3.12/site-packages/streamlit/watcher/local_sources_watcher.py", line 327, in <lambda>
    if hasattr(m, "__path__")
       ^^^^^^^^^^^^^^^^^^^^^^
  File "/Users/shauryakesarwani/lawline-ai/.venv/lib/python3.12/site-packages/transformers/__init__.py", line 862, in _getattr
    return getattr(importlib.import_module(target, __name__), name)
                   ^^^^^^^^^^^^^^^^^^^^^^^^^^^^^^^^^^^^^^^^^
  File "/opt/homebrew/Cellar/python@3.12/3.12.7_1/Frameworks/Python.framework/Versions/3.12/lib/python3.12/importlib/__init__.py", line 90, in import_module
    return _bootstrap._gcd_import(name[level:], package, level)
           ^^^^^^^^^^^^^^^^^^^^^^^^^^^^^^^^^^^^^^^^^^^^^^^^^^^^
  File "<frozen importlib._bootstrap>", line 1387, in _gcd_import
  File "<frozen importlib._bootstrap>", line 1360, in _find_and_load
  File "<frozen importlib._bootstrap>", line 1331, in _find_and_load_unlocked
  File "<frozen importlib._bootstrap>", line 935, in _load_unlocked
  File "<frozen importlib._bootstrap_external>", line 995, in exec_module
  File "<frozen importlib._bootstrap>", line 488, in _call_with_frames_removed
  File "/Users/shauryakesarwani/lawline-ai/.venv/lib/python3.12/site-packages/transformers/models/eomt/image_processing_eomt.py", line 20, in <module>
    from torchvision.transforms.v2 import functional as tvF
ModuleNotFoundError: No module named 'torchvision'
2026-08-21 16:03:07.431 Examining the path of transformers.models.ernie4_5_vl_moe.image_processing_ernie4_5_vl_moe_fast raised:
Traceback (most recent call last):
  File "/Users/shauryakesarwani/lawline-ai/.venv/lib/python3.12/site-packages/streamlit/watcher/local_sources_watcher.py", line 340, in get_module_paths
    potential_paths = extract_paths(module)
                      ^^^^^^^^^^^^^^^^^^^^^
  File "/Users/shauryakesarwani/lawline-ai/.venv/lib/python3.12/site-packages/streamlit/watcher/local_sources_watcher.py", line 327, in <lambda>
    if hasattr(m, "__path__")
       ^^^^^^^^^^^^^^^^^^^^^^
  File "/Users/shauryakesarwani/lawline-ai/.venv/lib/python3.12/site-packages/transformers/__init__.py", line 862, in _getattr
    return getattr(importlib.import_module(target, __name__), name)
                   ^^^^^^^^^^^^^^^^^^^^^^^^^^^^^^^^^^^^^^^^^
  File "/opt/homebrew/Cellar/python@3.12/3.12.7_1/Frameworks/Python.framework/Versions/3.12/lib/python3.12/importlib/__init__.py", line 90, in import_module
    return _bootstrap._gcd_import(name[level:], package, level)
           ^^^^^^^^^^^^^^^^^^^^^^^^^^^^^^^^^^^^^^^^^^^^^^^^^^^^
  File "<frozen importlib._bootstrap>", line 1387, in _gcd_import
  File "<frozen importlib._bootstrap>", line 1360, in _find_and_load
  File "<frozen importlib._bootstrap>", line 1331, in _find_and_load_unlocked
  File "<frozen importlib._bootstrap>", line 935, in _load_unlocked
  File "<frozen importlib._bootstrap_external>", line 995, in exec_module
  File "<frozen importlib._bootstrap>", line 488, in _call_with_frames_removed
  File "/Users/shauryakesarwani/lawline-ai/.venv/lib/python3.12/site-packages/transformers/models/ernie4_5_vl_moe/image_processing_ernie4_5_vl_moe.py", line 24, in <module>
    from torchvision.transforms.v2 import functional as tvF
ModuleNotFoundError: No module named 'torchvision'
2026-08-21 16:03:07.440 Examining the path of transformers.models.flava.image_processing_flava_fast raised:
Traceback (most recent call last):
  File "/Users/shauryakesarwani/lawline-ai/.venv/lib/python3.12/site-packages/streamlit/watcher/local_sources_watcher.py", line 340, in get_module_paths
    potential_paths = extract_paths(module)
                      ^^^^^^^^^^^^^^^^^^^^^
  File "/Users/shauryakesarwani/lawline-ai/.venv/lib/python3.12/site-packages/streamlit/watcher/local_sources_watcher.py", line 327, in <lambda>
    if hasattr(m, "__path__")
       ^^^^^^^^^^^^^^^^^^^^^^
  File "/Users/shauryakesarwani/lawline-ai/.venv/lib/python3.12/site-packages/transformers/__init__.py", line 862, in _getattr
    return getattr(importlib.import_module(target, __name__), name)
                   ^^^^^^^^^^^^^^^^^^^^^^^^^^^^^^^^^^^^^^^^^
  File "/opt/homebrew/Cellar/python@3.12/3.12.7_1/Frameworks/Python.framework/Versions/3.12/lib/python3.12/importlib/__init__.py", line 90, in import_module
    return _bootstrap._gcd_import(name[level:], package, level)
           ^^^^^^^^^^^^^^^^^^^^^^^^^^^^^^^^^^^^^^^^^^^^^^^^^^^^
  File "<frozen importlib._bootstrap>", line 1387, in _gcd_import
  File "<frozen importlib._bootstrap>", line 1360, in _find_and_load
  File "<frozen importlib._bootstrap>", line 1331, in _find_and_load_unlocked
  File "<frozen importlib._bootstrap>", line 935, in _load_unlocked
  File "<frozen importlib._bootstrap_external>", line 995, in exec_module
  File "<frozen importlib._bootstrap>", line 488, in _call_with_frames_removed
  File "/Users/shauryakesarwani/lawline-ai/.venv/lib/python3.12/site-packages/transformers/models/flava/image_processing_flava.py", line 23, in <module>
    from torchvision.transforms.v2 import functional as tvF
ModuleNotFoundError: No module named 'torchvision'
2026-08-21 16:03:07.449 Examining the path of transformers.models.fuyu.image_processing_fuyu_fast raised:
Traceback (most recent call last):
  File "/Users/shauryakesarwani/lawline-ai/.venv/lib/python3.12/site-packages/streamlit/watcher/local_sources_watcher.py", line 340, in get_module_paths
    potential_paths = extract_paths(module)
                      ^^^^^^^^^^^^^^^^^^^^^
  File "/Users/shauryakesarwani/lawline-ai/.venv/lib/python3.12/site-packages/streamlit/watcher/local_sources_watcher.py", line 327, in <lambda>
    if hasattr(m, "__path__")
       ^^^^^^^^^^^^^^^^^^^^^^
  File "/Users/shauryakesarwani/lawline-ai/.venv/lib/python3.12/site-packages/transformers/__init__.py", line 862, in _getattr
    return getattr(importlib.import_module(target, __name__), name)
                   ^^^^^^^^^^^^^^^^^^^^^^^^^^^^^^^^^^^^^^^^^
  File "/opt/homebrew/Cellar/python@3.12/3.12.7_1/Frameworks/Python.framework/Versions/3.12/lib/python3.12/importlib/__init__.py", line 90, in import_module
    return _bootstrap._gcd_import(name[level:], package, level)
           ^^^^^^^^^^^^^^^^^^^^^^^^^^^^^^^^^^^^^^^^^^^^^^^^^^^^
  File "<frozen importlib._bootstrap>", line 1387, in _gcd_import
  File "<frozen importlib._bootstrap>", line 1360, in _find_and_load
  File "<frozen importlib._bootstrap>", line 1331, in _find_and_load_unlocked
  File "<frozen importlib._bootstrap>", line 935, in _load_unlocked
  File "<frozen importlib._bootstrap_external>", line 995, in exec_module
  File "<frozen importlib._bootstrap>", line 488, in _call_with_frames_removed
  File "/Users/shauryakesarwani/lawline-ai/.venv/lib/python3.12/site-packages/transformers/models/fuyu/image_processing_fuyu.py", line 19, in <module>
    from torchvision.transforms.v2 import functional as tvF
ModuleNotFoundError: No module named 'torchvision'
2026-08-21 16:03:07.452 Examining the path of transformers.models.gemma3.image_processing_gemma3_fast raised:
Traceback (most recent call last):
  File "/Users/shauryakesarwani/lawline-ai/.venv/lib/python3.12/site-packages/streamlit/watcher/local_sources_watcher.py", line 340, in get_module_paths
    potential_paths = extract_paths(module)
                      ^^^^^^^^^^^^^^^^^^^^^
  File "/Users/shauryakesarwani/lawline-ai/.venv/lib/python3.12/site-packages/streamlit/watcher/local_sources_watcher.py", line 327, in <lambda>
    if hasattr(m, "__path__")
       ^^^^^^^^^^^^^^^^^^^^^^
  File "/Users/shauryakesarwani/lawline-ai/.venv/lib/python3.12/site-packages/transformers/__init__.py", line 862, in _getattr
    return getattr(importlib.import_module(target, __name__), name)
                   ^^^^^^^^^^^^^^^^^^^^^^^^^^^^^^^^^^^^^^^^^
  File "/opt/homebrew/Cellar/python@3.12/3.12.7_1/Frameworks/Python.framework/Versions/3.12/lib/python3.12/importlib/__init__.py", line 90, in import_module
    return _bootstrap._gcd_import(name[level:], package, level)
           ^^^^^^^^^^^^^^^^^^^^^^^^^^^^^^^^^^^^^^^^^^^^^^^^^^^^
  File "<frozen importlib._bootstrap>", line 1387, in _gcd_import
  File "<frozen importlib._bootstrap>", line 1360, in _find_and_load
  File "<frozen importlib._bootstrap>", line 1331, in _find_and_load_unlocked
  File "<frozen importlib._bootstrap>", line 935, in _load_unlocked
  File "<frozen importlib._bootstrap_external>", line 995, in exec_module
  File "<frozen importlib._bootstrap>", line 488, in _call_with_frames_removed
  File "/Users/shauryakesarwani/lawline-ai/.venv/lib/python3.12/site-packages/transformers/models/gemma3/image_processing_gemma3.py", line 20, in <module>
    from torchvision.transforms.v2 import functional as tvF
ModuleNotFoundError: No module named 'torchvision'
2026-08-21 16:03:07.458 Examining the path of transformers.models.gemma4.image_processing_gemma4_fast raised:
Traceback (most recent call last):
  File "/Users/shauryakesarwani/lawline-ai/.venv/lib/python3.12/site-packages/streamlit/watcher/local_sources_watcher.py", line 340, in get_module_paths
    potential_paths = extract_paths(module)
                      ^^^^^^^^^^^^^^^^^^^^^
  File "/Users/shauryakesarwani/lawline-ai/.venv/lib/python3.12/site-packages/streamlit/watcher/local_sources_watcher.py", line 327, in <lambda>
    if hasattr(m, "__path__")
       ^^^^^^^^^^^^^^^^^^^^^^
  File "/Users/shauryakesarwani/lawline-ai/.venv/lib/python3.12/site-packages/transformers/__init__.py", line 862, in _getattr
    return getattr(importlib.import_module(target, __name__), name)
                   ^^^^^^^^^^^^^^^^^^^^^^^^^^^^^^^^^^^^^^^^^
  File "/opt/homebrew/Cellar/python@3.12/3.12.7_1/Frameworks/Python.framework/Versions/3.12/lib/python3.12/importlib/__init__.py", line 90, in import_module
    return _bootstrap._gcd_import(name[level:], package, level)
           ^^^^^^^^^^^^^^^^^^^^^^^^^^^^^^^^^^^^^^^^^^^^^^^^^^^^
  File "<frozen importlib._bootstrap>", line 1387, in _gcd_import
  File "<frozen importlib._bootstrap>", line 1360, in _find_and_load
  File "<frozen importlib._bootstrap>", line 1331, in _find_and_load_unlocked
  File "<frozen importlib._bootstrap>", line 935, in _load_unlocked
  File "<frozen importlib._bootstrap_external>", line 995, in exec_module
  File "<frozen importlib._bootstrap>", line 488, in _call_with_frames_removed
  File "/Users/shauryakesarwani/lawline-ai/.venv/lib/python3.12/site-packages/transformers/models/gemma4/image_processing_gemma4.py", line 17, in <module>
    from torchvision.transforms.v2 import functional as tvF
ModuleNotFoundError: No module named 'torchvision'
2026-08-21 16:03:07.466 Examining the path of transformers.models.gemma4_unified.image_processing_gemma4_unified_fast raised:
Traceback (most recent call last):
  File "/Users/shauryakesarwani/lawline-ai/.venv/lib/python3.12/site-packages/streamlit/watcher/local_sources_watcher.py", line 340, in get_module_paths
    potential_paths = extract_paths(module)
                      ^^^^^^^^^^^^^^^^^^^^^
  File "/Users/shauryakesarwani/lawline-ai/.venv/lib/python3.12/site-packages/streamlit/watcher/local_sources_watcher.py", line 327, in <lambda>
    if hasattr(m, "__path__")
       ^^^^^^^^^^^^^^^^^^^^^^
  File "/Users/shauryakesarwani/lawline-ai/.venv/lib/python3.12/site-packages/transformers/__init__.py", line 862, in _getattr
    return getattr(importlib.import_module(target, __name__), name)
                   ^^^^^^^^^^^^^^^^^^^^^^^^^^^^^^^^^^^^^^^^^
  File "/opt/homebrew/Cellar/python@3.12/3.12.7_1/Frameworks/Python.framework/Versions/3.12/lib/python3.12/importlib/__init__.py", line 90, in import_module
    return _bootstrap._gcd_import(name[level:], package, level)
           ^^^^^^^^^^^^^^^^^^^^^^^^^^^^^^^^^^^^^^^^^^^^^^^^^^^^
  File "<frozen importlib._bootstrap>", line 1387, in _gcd_import
  File "<frozen importlib._bootstrap>", line 1360, in _find_and_load
  File "<frozen importlib._bootstrap>", line 1331, in _find_and_load_unlocked
  File "<frozen importlib._bootstrap>", line 935, in _load_unlocked
  File "<frozen importlib._bootstrap_external>", line 995, in exec_module
  File "<frozen importlib._bootstrap>", line 488, in _call_with_frames_removed
  File "/Users/shauryakesarwani/lawline-ai/.venv/lib/python3.12/site-packages/transformers/models/gemma4_unified/image_processing_gemma4_unified.py", line 23, in <module>
    from torchvision.transforms.v2 import functional as tvF
ModuleNotFoundError: No module named 'torchvision'
2026-08-21 16:03:07.469 Examining the path of transformers.models.glm46v.image_processing_glm46v_fast raised:
Traceback (most recent call last):
  File "/Users/shauryakesarwani/lawline-ai/.venv/lib/python3.12/site-packages/streamlit/watcher/local_sources_watcher.py", line 340, in get_module_paths
    potential_paths = extract_paths(module)
                      ^^^^^^^^^^^^^^^^^^^^^
  File "/Users/shauryakesarwani/lawline-ai/.venv/lib/python3.12/site-packages/streamlit/watcher/local_sources_watcher.py", line 327, in <lambda>
    if hasattr(m, "__path__")
       ^^^^^^^^^^^^^^^^^^^^^^
  File "/Users/shauryakesarwani/lawline-ai/.venv/lib/python3.12/site-packages/transformers/__init__.py", line 862, in _getattr
    return getattr(importlib.import_module(target, __name__), name)
                   ^^^^^^^^^^^^^^^^^^^^^^^^^^^^^^^^^^^^^^^^^
  File "/opt/homebrew/Cellar/python@3.12/3.12.7_1/Frameworks/Python.framework/Versions/3.12/lib/python3.12/importlib/__init__.py", line 90, in import_module
    return _bootstrap._gcd_import(name[level:], package, level)
           ^^^^^^^^^^^^^^^^^^^^^^^^^^^^^^^^^^^^^^^^^^^^^^^^^^^^
  File "<frozen importlib._bootstrap>", line 1387, in _gcd_import
  File "<frozen importlib._bootstrap>", line 1360, in _find_and_load
  File "<frozen importlib._bootstrap>", line 1331, in _find_and_load_unlocked
  File "<frozen importlib._bootstrap>", line 935, in _load_unlocked
  File "<frozen importlib._bootstrap_external>", line 995, in exec_module
  File "<frozen importlib._bootstrap>", line 488, in _call_with_frames_removed
  File "/Users/shauryakesarwani/lawline-ai/.venv/lib/python3.12/site-packages/transformers/models/glm46v/image_processing_glm46v.py", line 25, in <module>
    from torchvision.transforms.v2 import functional as tvF
ModuleNotFoundError: No module named 'torchvision'
2026-08-21 16:03:07.476 Examining the path of transformers.models.glm4v.image_processing_glm4v_fast raised:
Traceback (most recent call last):
  File "/Users/shauryakesarwani/lawline-ai/.venv/lib/python3.12/site-packages/streamlit/watcher/local_sources_watcher.py", line 340, in get_module_paths
    potential_paths = extract_paths(module)
                      ^^^^^^^^^^^^^^^^^^^^^
  File "/Users/shauryakesarwani/lawline-ai/.venv/lib/python3.12/site-packages/streamlit/watcher/local_sources_watcher.py", line 327, in <lambda>
    if hasattr(m, "__path__")
       ^^^^^^^^^^^^^^^^^^^^^^
  File "/Users/shauryakesarwani/lawline-ai/.venv/lib/python3.12/site-packages/transformers/__init__.py", line 862, in _getattr
    return getattr(importlib.import_module(target, __name__), name)
                   ^^^^^^^^^^^^^^^^^^^^^^^^^^^^^^^^^^^^^^^^^
  File "/opt/homebrew/Cellar/python@3.12/3.12.7_1/Frameworks/Python.framework/Versions/3.12/lib/python3.12/importlib/__init__.py", line 90, in import_module
    return _bootstrap._gcd_import(name[level:], package, level)
           ^^^^^^^^^^^^^^^^^^^^^^^^^^^^^^^^^^^^^^^^^^^^^^^^^^^^
  File "<frozen importlib._bootstrap>", line 1387, in _gcd_import
  File "<frozen importlib._bootstrap>", line 1360, in _find_and_load
  File "<frozen importlib._bootstrap>", line 1331, in _find_and_load_unlocked
  File "<frozen importlib._bootstrap>", line 935, in _load_unlocked
  File "<frozen importlib._bootstrap_external>", line 995, in exec_module
  File "<frozen importlib._bootstrap>", line 488, in _call_with_frames_removed
  File "/Users/shauryakesarwani/lawline-ai/.venv/lib/python3.12/site-packages/transformers/models/glm4v/image_processing_glm4v.py", line 19, in <module>
    from torchvision.transforms.v2 import functional as tvF
ModuleNotFoundError: No module named 'torchvision'
2026-08-21 16:03:07.483 Examining the path of transformers.models.glm_image.image_processing_glm_image_fast raised:
Traceback (most recent call last):
  File "/Users/shauryakesarwani/lawline-ai/.venv/lib/python3.12/site-packages/streamlit/watcher/local_sources_watcher.py", line 340, in get_module_paths
    potential_paths = extract_paths(module)
                      ^^^^^^^^^^^^^^^^^^^^^
  File "/Users/shauryakesarwani/lawline-ai/.venv/lib/python3.12/site-packages/streamlit/watcher/local_sources_watcher.py", line 327, in <lambda>
    if hasattr(m, "__path__")
       ^^^^^^^^^^^^^^^^^^^^^^
  File "/Users/shauryakesarwani/lawline-ai/.venv/lib/python3.12/site-packages/transformers/__init__.py", line 862, in _getattr
    return getattr(importlib.import_module(target, __name__), name)
                   ^^^^^^^^^^^^^^^^^^^^^^^^^^^^^^^^^^^^^^^^^
  File "/opt/homebrew/Cellar/python@3.12/3.12.7_1/Frameworks/Python.framework/Versions/3.12/lib/python3.12/importlib/__init__.py", line 90, in import_module
    return _bootstrap._gcd_import(name[level:], package, level)
           ^^^^^^^^^^^^^^^^^^^^^^^^^^^^^^^^^^^^^^^^^^^^^^^^^^^^
  File "<frozen importlib._bootstrap>", line 1387, in _gcd_import
  File "<frozen importlib._bootstrap>", line 1360, in _find_and_load
  File "<frozen importlib._bootstrap>", line 1331, in _find_and_load_unlocked
  File "<frozen importlib._bootstrap>", line 935, in _load_unlocked
  File "<frozen importlib._bootstrap_external>", line 995, in exec_module
  File "<frozen importlib._bootstrap>", line 488, in _call_with_frames_removed
  File "/Users/shauryakesarwani/lawline-ai/.venv/lib/python3.12/site-packages/transformers/models/glm_image/image_processing_glm_image.py", line 25, in <module>
    from torchvision.transforms.v2 import functional as tvF
ModuleNotFoundError: No module named 'torchvision'
2026-08-21 16:03:07.490 Examining the path of transformers.models.glmga.image_processing_glmga_fast raised:
Traceback (most recent call last):
  File "/Users/shauryakesarwani/lawline-ai/.venv/lib/python3.12/site-packages/streamlit/watcher/local_sources_watcher.py", line 340, in get_module_paths
    potential_paths = extract_paths(module)
                      ^^^^^^^^^^^^^^^^^^^^^
  File "/Users/shauryakesarwani/lawline-ai/.venv/lib/python3.12/site-packages/streamlit/watcher/local_sources_watcher.py", line 327, in <lambda>
    if hasattr(m, "__path__")
       ^^^^^^^^^^^^^^^^^^^^^^
  File "/Users/shauryakesarwani/lawline-ai/.venv/lib/python3.12/site-packages/transformers/__init__.py", line 862, in _getattr
    return getattr(importlib.import_module(target, __name__), name)
                   ^^^^^^^^^^^^^^^^^^^^^^^^^^^^^^^^^^^^^^^^^
  File "/opt/homebrew/Cellar/python@3.12/3.12.7_1/Frameworks/Python.framework/Versions/3.12/lib/python3.12/importlib/__init__.py", line 90, in import_module
    return _bootstrap._gcd_import(name[level:], package, level)
           ^^^^^^^^^^^^^^^^^^^^^^^^^^^^^^^^^^^^^^^^^^^^^^^^^^^^
  File "<frozen importlib._bootstrap>", line 1387, in _gcd_import
  File "<frozen importlib._bootstrap>", line 1360, in _find_and_load
  File "<frozen importlib._bootstrap>", line 1331, in _find_and_load_unlocked
  File "<frozen importlib._bootstrap>", line 935, in _load_unlocked
  File "<frozen importlib._bootstrap_external>", line 995, in exec_module
  File "<frozen importlib._bootstrap>", line 488, in _call_with_frames_removed
  File "/Users/shauryakesarwani/lawline-ai/.venv/lib/python3.12/site-packages/transformers/models/glmga/image_processing_glmga.py", line 24, in <module>
    from torchvision.transforms.v2 import functional as tvF
ModuleNotFoundError: No module named 'torchvision'
2026-08-21 16:03:07.495 Examining the path of transformers.models.glpn.image_processing_glpn_fast raised:
Traceback (most recent call last):
  File "/Users/shauryakesarwani/lawline-ai/.venv/lib/python3.12/site-packages/streamlit/watcher/local_sources_watcher.py", line 340, in get_module_paths
    potential_paths = extract_paths(module)
                      ^^^^^^^^^^^^^^^^^^^^^
  File "/Users/shauryakesarwani/lawline-ai/.venv/lib/python3.12/site-packages/streamlit/watcher/local_sources_watcher.py", line 327, in <lambda>
    if hasattr(m, "__path__")
       ^^^^^^^^^^^^^^^^^^^^^^
  File "/Users/shauryakesarwani/lawline-ai/.venv/lib/python3.12/site-packages/transformers/__init__.py", line 862, in _getattr
    return getattr(importlib.import_module(target, __name__), name)
                   ^^^^^^^^^^^^^^^^^^^^^^^^^^^^^^^^^^^^^^^^^
  File "/opt/homebrew/Cellar/python@3.12/3.12.7_1/Frameworks/Python.framework/Versions/3.12/lib/python3.12/importlib/__init__.py", line 90, in import_module
    return _bootstrap._gcd_import(name[level:], package, level)
           ^^^^^^^^^^^^^^^^^^^^^^^^^^^^^^^^^^^^^^^^^^^^^^^^^^^^
  File "<frozen importlib._bootstrap>", line 1387, in _gcd_import
  File "<frozen importlib._bootstrap>", line 1360, in _find_and_load
  File "<frozen importlib._bootstrap>", line 1331, in _find_and_load_unlocked
  File "<frozen importlib._bootstrap>", line 935, in _load_unlocked
  File "<frozen importlib._bootstrap_external>", line 995, in exec_module
  File "<frozen importlib._bootstrap>", line 488, in _call_with_frames_removed
  File "/Users/shauryakesarwani/lawline-ai/.venv/lib/python3.12/site-packages/transformers/models/glpn/image_processing_glpn.py", line 34, in <module>
    from torchvision.transforms.v2 import functional as tvF
ModuleNotFoundError: No module named 'torchvision'
2026-08-21 16:03:07.499 Examining the path of transformers.models.got_ocr2.image_processing_got_ocr2_fast raised:
Traceback (most recent call last):
  File "/Users/shauryakesarwani/lawline-ai/.venv/lib/python3.12/site-packages/streamlit/watcher/local_sources_watcher.py", line 340, in get_module_paths
    potential_paths = extract_paths(module)
                      ^^^^^^^^^^^^^^^^^^^^^
  File "/Users/shauryakesarwani/lawline-ai/.venv/lib/python3.12/site-packages/streamlit/watcher/local_sources_watcher.py", line 327, in <lambda>
    if hasattr(m, "__path__")
       ^^^^^^^^^^^^^^^^^^^^^^
  File "/Users/shauryakesarwani/lawline-ai/.venv/lib/python3.12/site-packages/transformers/__init__.py", line 862, in _getattr
    return getattr(importlib.import_module(target, __name__), name)
                   ^^^^^^^^^^^^^^^^^^^^^^^^^^^^^^^^^^^^^^^^^
  File "/opt/homebrew/Cellar/python@3.12/3.12.7_1/Frameworks/Python.framework/Versions/3.12/lib/python3.12/importlib/__init__.py", line 90, in import_module
    return _bootstrap._gcd_import(name[level:], package, level)
           ^^^^^^^^^^^^^^^^^^^^^^^^^^^^^^^^^^^^^^^^^^^^^^^^^^^^
  File "<frozen importlib._bootstrap>", line 1387, in _gcd_import
  File "<frozen importlib._bootstrap>", line 1360, in _find_and_load
  File "<frozen importlib._bootstrap>", line 1331, in _find_and_load_unlocked
  File "<frozen importlib._bootstrap>", line 935, in _load_unlocked
  File "<frozen importlib._bootstrap_external>", line 995, in exec_module
  File "<frozen importlib._bootstrap>", line 488, in _call_with_frames_removed
  File "/Users/shauryakesarwani/lawline-ai/.venv/lib/python3.12/site-packages/transformers/models/got_ocr2/image_processing_got_ocr2.py", line 19, in <module>
    from torchvision.transforms.v2 import functional as tvF
ModuleNotFoundError: No module named 'torchvision'
2026-08-21 16:03:07.503 Examining the path of transformers.models.grounding_dino.image_processing_grounding_dino_fast raised:
Traceback (most recent call last):
  File "/Users/shauryakesarwani/lawline-ai/.venv/lib/python3.12/site-packages/streamlit/watcher/local_sources_watcher.py", line 340, in get_module_paths
    potential_paths = extract_paths(module)
                      ^^^^^^^^^^^^^^^^^^^^^
  File "/Users/shauryakesarwani/lawline-ai/.venv/lib/python3.12/site-packages/streamlit/watcher/local_sources_watcher.py", line 327, in <lambda>
    if hasattr(m, "__path__")
       ^^^^^^^^^^^^^^^^^^^^^^
  File "/Users/shauryakesarwani/lawline-ai/.venv/lib/python3.12/site-packages/transformers/__init__.py", line 862, in _getattr
    return getattr(importlib.import_module(target, __name__), name)
                   ^^^^^^^^^^^^^^^^^^^^^^^^^^^^^^^^^^^^^^^^^
  File "/opt/homebrew/Cellar/python@3.12/3.12.7_1/Frameworks/Python.framework/Versions/3.12/lib/python3.12/importlib/__init__.py", line 90, in import_module
    return _bootstrap._gcd_import(name[level:], package, level)
           ^^^^^^^^^^^^^^^^^^^^^^^^^^^^^^^^^^^^^^^^^^^^^^^^^^^^
  File "<frozen importlib._bootstrap>", line 1387, in _gcd_import
  File "<frozen importlib._bootstrap>", line 1360, in _find_and_load
  File "<frozen importlib._bootstrap>", line 1331, in _find_and_load_unlocked
  File "<frozen importlib._bootstrap>", line 935, in _load_unlocked
  File "<frozen importlib._bootstrap_external>", line 995, in exec_module
  File "<frozen importlib._bootstrap>", line 488, in _call_with_frames_removed
  File "/Users/shauryakesarwani/lawline-ai/.venv/lib/python3.12/site-packages/transformers/models/grounding_dino/image_processing_grounding_dino.py", line 30, in <module>
    from torchvision.io import read_image
ModuleNotFoundError: No module named 'torchvision'
2026-08-21 16:03:07.509 Examining the path of transformers.models.hunyuan_vl.image_processing_hunyuan_vl_fast raised:
Traceback (most recent call last):
  File "/Users/shauryakesarwani/lawline-ai/.venv/lib/python3.12/site-packages/streamlit/watcher/local_sources_watcher.py", line 340, in get_module_paths
    potential_paths = extract_paths(module)
                      ^^^^^^^^^^^^^^^^^^^^^
  File "/Users/shauryakesarwani/lawline-ai/.venv/lib/python3.12/site-packages/streamlit/watcher/local_sources_watcher.py", line 327, in <lambda>
    if hasattr(m, "__path__")
       ^^^^^^^^^^^^^^^^^^^^^^
  File "/Users/shauryakesarwani/lawline-ai/.venv/lib/python3.12/site-packages/transformers/__init__.py", line 862, in _getattr
    return getattr(importlib.import_module(target, __name__), name)
                   ^^^^^^^^^^^^^^^^^^^^^^^^^^^^^^^^^^^^^^^^^
  File "/opt/homebrew/Cellar/python@3.12/3.12.7_1/Frameworks/Python.framework/Versions/3.12/lib/python3.12/importlib/__init__.py", line 90, in import_module
    return _bootstrap._gcd_import(name[level:], package, level)
           ^^^^^^^^^^^^^^^^^^^^^^^^^^^^^^^^^^^^^^^^^^^^^^^^^^^^
  File "<frozen importlib._bootstrap>", line 1387, in _gcd_import
  File "<frozen importlib._bootstrap>", line 1360, in _find_and_load
  File "<frozen importlib._bootstrap>", line 1331, in _find_and_load_unlocked
  File "<frozen importlib._bootstrap>", line 935, in _load_unlocked
  File "<frozen importlib._bootstrap_external>", line 995, in exec_module
  File "<frozen importlib._bootstrap>", line 488, in _call_with_frames_removed
  File "/Users/shauryakesarwani/lawline-ai/.venv/lib/python3.12/site-packages/transformers/models/hunyuan_vl/image_processing_hunyuan_vl.py", line 25, in <module>
    from torchvision.transforms.v2 import functional as tvF
ModuleNotFoundError: No module named 'torchvision'
2026-08-21 16:03:07.526 Examining the path of transformers.models.idefics2.image_processing_idefics2_fast raised:
Traceback (most recent call last):
  File "/Users/shauryakesarwani/lawline-ai/.venv/lib/python3.12/site-packages/streamlit/watcher/local_sources_watcher.py", line 340, in get_module_paths
    potential_paths = extract_paths(module)
                      ^^^^^^^^^^^^^^^^^^^^^
  File "/Users/shauryakesarwani/lawline-ai/.venv/lib/python3.12/site-packages/streamlit/watcher/local_sources_watcher.py", line 327, in <lambda>
    if hasattr(m, "__path__")
       ^^^^^^^^^^^^^^^^^^^^^^
  File "/Users/shauryakesarwani/lawline-ai/.venv/lib/python3.12/site-packages/transformers/__init__.py", line 862, in _getattr
    return getattr(importlib.import_module(target, __name__), name)
                   ^^^^^^^^^^^^^^^^^^^^^^^^^^^^^^^^^^^^^^^^^
  File "/opt/homebrew/Cellar/python@3.12/3.12.7_1/Frameworks/Python.framework/Versions/3.12/lib/python3.12/importlib/__init__.py", line 90, in import_module
    return _bootstrap._gcd_import(name[level:], package, level)
           ^^^^^^^^^^^^^^^^^^^^^^^^^^^^^^^^^^^^^^^^^^^^^^^^^^^^
  File "<frozen importlib._bootstrap>", line 1387, in _gcd_import
  File "<frozen importlib._bootstrap>", line 1360, in _find_and_load
  File "<frozen importlib._bootstrap>", line 1331, in _find_and_load_unlocked
  File "<frozen importlib._bootstrap>", line 935, in _load_unlocked
  File "<frozen importlib._bootstrap_external>", line 995, in exec_module
  File "<frozen importlib._bootstrap>", line 488, in _call_with_frames_removed
  File "/Users/shauryakesarwani/lawline-ai/.venv/lib/python3.12/site-packages/transformers/models/idefics2/image_processing_idefics2.py", line 37, in <module>
    from torchvision.transforms.v2 import functional as tvF
ModuleNotFoundError: No module named 'torchvision'
2026-08-21 16:03:07.531 Examining the path of transformers.models.idefics3.image_processing_idefics3_fast raised:
Traceback (most recent call last):
  File "/Users/shauryakesarwani/lawline-ai/.venv/lib/python3.12/site-packages/streamlit/watcher/local_sources_watcher.py", line 340, in get_module_paths
    potential_paths = extract_paths(module)
                      ^^^^^^^^^^^^^^^^^^^^^
  File "/Users/shauryakesarwani/lawline-ai/.venv/lib/python3.12/site-packages/streamlit/watcher/local_sources_watcher.py", line 327, in <lambda>
    if hasattr(m, "__path__")
       ^^^^^^^^^^^^^^^^^^^^^^
  File "/Users/shauryakesarwani/lawline-ai/.venv/lib/python3.12/site-packages/transformers/__init__.py", line 862, in _getattr
    return getattr(importlib.import_module(target, __name__), name)
                   ^^^^^^^^^^^^^^^^^^^^^^^^^^^^^^^^^^^^^^^^^
  File "/opt/homebrew/Cellar/python@3.12/3.12.7_1/Frameworks/Python.framework/Versions/3.12/lib/python3.12/importlib/__init__.py", line 90, in import_module
    return _bootstrap._gcd_import(name[level:], package, level)
           ^^^^^^^^^^^^^^^^^^^^^^^^^^^^^^^^^^^^^^^^^^^^^^^^^^^^
  File "<frozen importlib._bootstrap>", line 1387, in _gcd_import
  File "<frozen importlib._bootstrap>", line 1360, in _find_and_load
  File "<frozen importlib._bootstrap>", line 1331, in _find_and_load_unlocked
  File "<frozen importlib._bootstrap>", line 935, in _load_unlocked
  File "<frozen importlib._bootstrap_external>", line 995, in exec_module
  File "<frozen importlib._bootstrap>", line 488, in _call_with_frames_removed
  File "/Users/shauryakesarwani/lawline-ai/.venv/lib/python3.12/site-packages/transformers/models/idefics3/image_processing_idefics3.py", line 20, in <module>
    from torchvision.transforms.v2 import functional as tvF
ModuleNotFoundError: No module named 'torchvision'
2026-08-21 16:03:07.536 Examining the path of transformers.models.imagegpt.image_processing_imagegpt_fast raised:
Traceback (most recent call last):
  File "/Users/shauryakesarwani/lawline-ai/.venv/lib/python3.12/site-packages/streamlit/watcher/local_sources_watcher.py", line 340, in get_module_paths
    potential_paths = extract_paths(module)
                      ^^^^^^^^^^^^^^^^^^^^^
  File "/Users/shauryakesarwani/lawline-ai/.venv/lib/python3.12/site-packages/streamlit/watcher/local_sources_watcher.py", line 327, in <lambda>
    if hasattr(m, "__path__")
       ^^^^^^^^^^^^^^^^^^^^^^
  File "/Users/shauryakesarwani/lawline-ai/.venv/lib/python3.12/site-packages/transformers/__init__.py", line 862, in _getattr
    return getattr(importlib.import_module(target, __name__), name)
                   ^^^^^^^^^^^^^^^^^^^^^^^^^^^^^^^^^^^^^^^^^
  File "/opt/homebrew/Cellar/python@3.12/3.12.7_1/Frameworks/Python.framework/Versions/3.12/lib/python3.12/importlib/__init__.py", line 90, in import_module
    return _bootstrap._gcd_import(name[level:], package, level)
           ^^^^^^^^^^^^^^^^^^^^^^^^^^^^^^^^^^^^^^^^^^^^^^^^^^^^
  File "<frozen importlib._bootstrap>", line 1387, in _gcd_import
  File "<frozen importlib._bootstrap>", line 1360, in _find_and_load
  File "<frozen importlib._bootstrap>", line 1331, in _find_and_load_unlocked
  File "<frozen importlib._bootstrap>", line 935, in _load_unlocked
  File "<frozen importlib._bootstrap_external>", line 995, in exec_module
  File "<frozen importlib._bootstrap>", line 488, in _call_with_frames_removed
  File "/Users/shauryakesarwani/lawline-ai/.venv/lib/python3.12/site-packages/transformers/models/imagegpt/image_processing_imagegpt.py", line 20, in <module>
    from torchvision.transforms.v2 import functional as tvF
ModuleNotFoundError: No module named 'torchvision'
2026-08-21 16:03:07.539 Examining the path of transformers.models.inkling.image_processing_inkling_fast raised:
Traceback (most recent call last):
  File "/Users/shauryakesarwani/lawline-ai/.venv/lib/python3.12/site-packages/streamlit/watcher/local_sources_watcher.py", line 340, in get_module_paths
    potential_paths = extract_paths(module)
                      ^^^^^^^^^^^^^^^^^^^^^
  File "/Users/shauryakesarwani/lawline-ai/.venv/lib/python3.12/site-packages/streamlit/watcher/local_sources_watcher.py", line 327, in <lambda>
    if hasattr(m, "__path__")
       ^^^^^^^^^^^^^^^^^^^^^^
  File "/Users/shauryakesarwani/lawline-ai/.venv/lib/python3.12/site-packages/transformers/__init__.py", line 862, in _getattr
    return getattr(importlib.import_module(target, __name__), name)
                   ^^^^^^^^^^^^^^^^^^^^^^^^^^^^^^^^^^^^^^^^^
  File "/opt/homebrew/Cellar/python@3.12/3.12.7_1/Frameworks/Python.framework/Versions/3.12/lib/python3.12/importlib/__init__.py", line 90, in import_module
    return _bootstrap._gcd_import(name[level:], package, level)
           ^^^^^^^^^^^^^^^^^^^^^^^^^^^^^^^^^^^^^^^^^^^^^^^^^^^^
  File "<frozen importlib._bootstrap>", line 1387, in _gcd_import
  File "<frozen importlib._bootstrap>", line 1360, in _find_and_load
  File "<frozen importlib._bootstrap>", line 1331, in _find_and_load_unlocked
  File "<frozen importlib._bootstrap>", line 935, in _load_unlocked
  File "<frozen importlib._bootstrap_external>", line 995, in exec_module
  File "<frozen importlib._bootstrap>", line 488, in _call_with_frames_removed
  File "/Users/shauryakesarwani/lawline-ai/.venv/lib/python3.12/site-packages/transformers/models/inkling/image_processing_inkling.py", line 19, in <module>
    from torchvision.transforms.v2 import functional as tvF
ModuleNotFoundError: No module named 'torchvision'
2026-08-21 16:03:07.540 Examining the path of transformers.models.janus.image_processing_janus_fast raised:
Traceback (most recent call last):
  File "/Users/shauryakesarwani/lawline-ai/.venv/lib/python3.12/site-packages/streamlit/watcher/local_sources_watcher.py", line 340, in get_module_paths
    potential_paths = extract_paths(module)
                      ^^^^^^^^^^^^^^^^^^^^^
  File "/Users/shauryakesarwani/lawline-ai/.venv/lib/python3.12/site-packages/streamlit/watcher/local_sources_watcher.py", line 327, in <lambda>
    if hasattr(m, "__path__")
       ^^^^^^^^^^^^^^^^^^^^^^
  File "/Users/shauryakesarwani/lawline-ai/.venv/lib/python3.12/site-packages/transformers/__init__.py", line 862, in _getattr
    return getattr(importlib.import_module(target, __name__), name)
                   ^^^^^^^^^^^^^^^^^^^^^^^^^^^^^^^^^^^^^^^^^
  File "/opt/homebrew/Cellar/python@3.12/3.12.7_1/Frameworks/Python.framework/Versions/3.12/lib/python3.12/importlib/__init__.py", line 90, in import_module
    return _bootstrap._gcd_import(name[level:], package, level)
           ^^^^^^^^^^^^^^^^^^^^^^^^^^^^^^^^^^^^^^^^^^^^^^^^^^^^
  File "<frozen importlib._bootstrap>", line 1387, in _gcd_import
  File "<frozen importlib._bootstrap>", line 1360, in _find_and_load
  File "<frozen importlib._bootstrap>", line 1331, in _find_and_load_unlocked
  File "<frozen importlib._bootstrap>", line 935, in _load_unlocked
  File "<frozen importlib._bootstrap_external>", line 995, in exec_module
  File "<frozen importlib._bootstrap>", line 488, in _call_with_frames_removed
  File "/Users/shauryakesarwani/lawline-ai/.venv/lib/python3.12/site-packages/transformers/models/janus/image_processing_janus.py", line 17, in <module>
    import torchvision.transforms.v2.functional as tvF
ModuleNotFoundError: No module named 'torchvision'
2026-08-21 16:03:07.547 Examining the path of transformers.models.kimi_k25.image_processing_kimi_k25_fast raised:
Traceback (most recent call last):
  File "/Users/shauryakesarwani/lawline-ai/.venv/lib/python3.12/site-packages/streamlit/watcher/local_sources_watcher.py", line 340, in get_module_paths
    potential_paths = extract_paths(module)
                      ^^^^^^^^^^^^^^^^^^^^^
  File "/Users/shauryakesarwani/lawline-ai/.venv/lib/python3.12/site-packages/streamlit/watcher/local_sources_watcher.py", line 327, in <lambda>
    if hasattr(m, "__path__")
       ^^^^^^^^^^^^^^^^^^^^^^
  File "/Users/shauryakesarwani/lawline-ai/.venv/lib/python3.12/site-packages/transformers/__init__.py", line 862, in _getattr
    return getattr(importlib.import_module(target, __name__), name)
                   ^^^^^^^^^^^^^^^^^^^^^^^^^^^^^^^^^^^^^^^^^
  File "/opt/homebrew/Cellar/python@3.12/3.12.7_1/Frameworks/Python.framework/Versions/3.12/lib/python3.12/importlib/__init__.py", line 90, in import_module
    return _bootstrap._gcd_import(name[level:], package, level)
           ^^^^^^^^^^^^^^^^^^^^^^^^^^^^^^^^^^^^^^^^^^^^^^^^^^^^
  File "<frozen importlib._bootstrap>", line 1387, in _gcd_import
  File "<frozen importlib._bootstrap>", line 1360, in _find_and_load
  File "<frozen importlib._bootstrap>", line 1331, in _find_and_load_unlocked
  File "<frozen importlib._bootstrap>", line 935, in _load_unlocked
  File "<frozen importlib._bootstrap_external>", line 995, in exec_module
  File "<frozen importlib._bootstrap>", line 488, in _call_with_frames_removed
  File "/Users/shauryakesarwani/lawline-ai/.venv/lib/python3.12/site-packages/transformers/models/kimi_k25/image_processing_kimi_k25.py", line 19, in <module>
    from torchvision.transforms.v2 import functional as tvF
ModuleNotFoundError: No module named 'torchvision'
2026-08-21 16:03:07.558 Examining the path of transformers.models.layoutlmv2.image_processing_layoutlmv2_fast raised:
Traceback (most recent call last):
  File "/Users/shauryakesarwani/lawline-ai/.venv/lib/python3.12/site-packages/streamlit/watcher/local_sources_watcher.py", line 340, in get_module_paths
    potential_paths = extract_paths(module)
                      ^^^^^^^^^^^^^^^^^^^^^
  File "/Users/shauryakesarwani/lawline-ai/.venv/lib/python3.12/site-packages/streamlit/watcher/local_sources_watcher.py", line 327, in <lambda>
    if hasattr(m, "__path__")
       ^^^^^^^^^^^^^^^^^^^^^^
  File "/Users/shauryakesarwani/lawline-ai/.venv/lib/python3.12/site-packages/transformers/__init__.py", line 862, in _getattr
    return getattr(importlib.import_module(target, __name__), name)
                   ^^^^^^^^^^^^^^^^^^^^^^^^^^^^^^^^^^^^^^^^^
  File "/opt/homebrew/Cellar/python@3.12/3.12.7_1/Frameworks/Python.framework/Versions/3.12/lib/python3.12/importlib/__init__.py", line 90, in import_module
    return _bootstrap._gcd_import(name[level:], package, level)
           ^^^^^^^^^^^^^^^^^^^^^^^^^^^^^^^^^^^^^^^^^^^^^^^^^^^^
  File "<frozen importlib._bootstrap>", line 1387, in _gcd_import
  File "<frozen importlib._bootstrap>", line 1360, in _find_and_load
  File "<frozen importlib._bootstrap>", line 1331, in _find_and_load_unlocked
  File "<frozen importlib._bootstrap>", line 935, in _load_unlocked
  File "<frozen importlib._bootstrap_external>", line 995, in exec_module
  File "<frozen importlib._bootstrap>", line 488, in _call_with_frames_removed
  File "/Users/shauryakesarwani/lawline-ai/.venv/lib/python3.12/site-packages/transformers/models/layoutlmv2/image_processing_layoutlmv2.py", line 36, in <module>
    from torchvision.transforms.v2 import functional as tvF
ModuleNotFoundError: No module named 'torchvision'
2026-08-21 16:03:07.564 Examining the path of transformers.models.layoutlmv3.image_processing_layoutlmv3_fast raised:
Traceback (most recent call last):
  File "/Users/shauryakesarwani/lawline-ai/.venv/lib/python3.12/site-packages/streamlit/watcher/local_sources_watcher.py", line 340, in get_module_paths
    potential_paths = extract_paths(module)
                      ^^^^^^^^^^^^^^^^^^^^^
  File "/Users/shauryakesarwani/lawline-ai/.venv/lib/python3.12/site-packages/streamlit/watcher/local_sources_watcher.py", line 327, in <lambda>
    if hasattr(m, "__path__")
       ^^^^^^^^^^^^^^^^^^^^^^
  File "/Users/shauryakesarwani/lawline-ai/.venv/lib/python3.12/site-packages/transformers/__init__.py", line 862, in _getattr
    return getattr(importlib.import_module(target, __name__), name)
                   ^^^^^^^^^^^^^^^^^^^^^^^^^^^^^^^^^^^^^^^^^
  File "/opt/homebrew/Cellar/python@3.12/3.12.7_1/Frameworks/Python.framework/Versions/3.12/lib/python3.12/importlib/__init__.py", line 90, in import_module
    return _bootstrap._gcd_import(name[level:], package, level)
           ^^^^^^^^^^^^^^^^^^^^^^^^^^^^^^^^^^^^^^^^^^^^^^^^^^^^
  File "<frozen importlib._bootstrap>", line 1387, in _gcd_import
  File "<frozen importlib._bootstrap>", line 1360, in _find_and_load
  File "<frozen importlib._bootstrap>", line 1331, in _find_and_load_unlocked
  File "<frozen importlib._bootstrap>", line 935, in _load_unlocked
  File "<frozen importlib._bootstrap_external>", line 995, in exec_module
  File "<frozen importlib._bootstrap>", line 488, in _call_with_frames_removed
  File "/Users/shauryakesarwani/lawline-ai/.venv/lib/python3.12/site-packages/transformers/models/layoutlmv3/image_processing_layoutlmv3.py", line 42, in <module>
    from torchvision.transforms.v2 import functional as tvF
ModuleNotFoundError: No module named 'torchvision'
2026-08-21 16:03:07.569 Examining the path of transformers.models.levit.image_processing_levit_fast raised:
Traceback (most recent call last):
  File "/Users/shauryakesarwani/lawline-ai/.venv/lib/python3.12/site-packages/streamlit/watcher/local_sources_watcher.py", line 340, in get_module_paths
    potential_paths = extract_paths(module)
                      ^^^^^^^^^^^^^^^^^^^^^
  File "/Users/shauryakesarwani/lawline-ai/.venv/lib/python3.12/site-packages/streamlit/watcher/local_sources_watcher.py", line 327, in <lambda>
    if hasattr(m, "__path__")
       ^^^^^^^^^^^^^^^^^^^^^^
  File "/Users/shauryakesarwani/lawline-ai/.venv/lib/python3.12/site-packages/transformers/__init__.py", line 862, in _getattr
    return getattr(importlib.import_module(target, __name__), name)
                   ^^^^^^^^^^^^^^^^^^^^^^^^^^^^^^^^^^^^^^^^^
  File "/opt/homebrew/Cellar/python@3.12/3.12.7_1/Frameworks/Python.framework/Versions/3.12/lib/python3.12/importlib/__init__.py", line 90, in import_module
    return _bootstrap._gcd_import(name[level:], package, level)
           ^^^^^^^^^^^^^^^^^^^^^^^^^^^^^^^^^^^^^^^^^^^^^^^^^^^^
  File "<frozen importlib._bootstrap>", line 1387, in _gcd_import
  File "<frozen importlib._bootstrap>", line 1360, in _find_and_load
  File "<frozen importlib._bootstrap>", line 1331, in _find_and_load_unlocked
  File "<frozen importlib._bootstrap>", line 935, in _load_unlocked
  File "<frozen importlib._bootstrap_external>", line 995, in exec_module
  File "<frozen importlib._bootstrap>", line 488, in _call_with_frames_removed
  File "/Users/shauryakesarwani/lawline-ai/.venv/lib/python3.12/site-packages/transformers/models/levit/image_processing_levit.py", line 17, in <module>
    from torchvision.transforms.v2 import functional as tvF
ModuleNotFoundError: No module named 'torchvision'
2026-08-21 16:03:07.571 Examining the path of transformers.models.lfm2_vl.image_processing_lfm2_vl_fast raised:
Traceback (most recent call last):
  File "/Users/shauryakesarwani/lawline-ai/.venv/lib/python3.12/site-packages/streamlit/watcher/local_sources_watcher.py", line 340, in get_module_paths
    potential_paths = extract_paths(module)
                      ^^^^^^^^^^^^^^^^^^^^^
  File "/Users/shauryakesarwani/lawline-ai/.venv/lib/python3.12/site-packages/streamlit/watcher/local_sources_watcher.py", line 327, in <lambda>
    if hasattr(m, "__path__")
       ^^^^^^^^^^^^^^^^^^^^^^
  File "/Users/shauryakesarwani/lawline-ai/.venv/lib/python3.12/site-packages/transformers/__init__.py", line 862, in _getattr
    return getattr(importlib.import_module(target, __name__), name)
                   ^^^^^^^^^^^^^^^^^^^^^^^^^^^^^^^^^^^^^^^^^
  File "/opt/homebrew/Cellar/python@3.12/3.12.7_1/Frameworks/Python.framework/Versions/3.12/lib/python3.12/importlib/__init__.py", line 90, in import_module
    return _bootstrap._gcd_import(name[level:], package, level)
           ^^^^^^^^^^^^^^^^^^^^^^^^^^^^^^^^^^^^^^^^^^^^^^^^^^^^
  File "<frozen importlib._bootstrap>", line 1387, in _gcd_import
  File "<frozen importlib._bootstrap>", line 1360, in _find_and_load
  File "<frozen importlib._bootstrap>", line 1331, in _find_and_load_unlocked
  File "<frozen importlib._bootstrap>", line 935, in _load_unlocked
  File "<frozen importlib._bootstrap_external>", line 995, in exec_module
  File "<frozen importlib._bootstrap>", line 488, in _call_with_frames_removed
  File "/Users/shauryakesarwani/lawline-ai/.venv/lib/python3.12/site-packages/transformers/models/lfm2_vl/image_processing_lfm2_vl.py", line 18, in <module>
    from torchvision.transforms.v2 import functional as tvF
ModuleNotFoundError: No module named 'torchvision'
2026-08-21 16:03:07.574 Examining the path of transformers.models.lightglue.image_processing_lightglue_fast raised:
Traceback (most recent call last):
  File "/Users/shauryakesarwani/lawline-ai/.venv/lib/python3.12/site-packages/streamlit/watcher/local_sources_watcher.py", line 340, in get_module_paths
    potential_paths = extract_paths(module)
                      ^^^^^^^^^^^^^^^^^^^^^
  File "/Users/shauryakesarwani/lawline-ai/.venv/lib/python3.12/site-packages/streamlit/watcher/local_sources_watcher.py", line 327, in <lambda>
    if hasattr(m, "__path__")
       ^^^^^^^^^^^^^^^^^^^^^^
  File "/Users/shauryakesarwani/lawline-ai/.venv/lib/python3.12/site-packages/transformers/__init__.py", line 862, in _getattr
    return getattr(importlib.import_module(target, __name__), name)
                   ^^^^^^^^^^^^^^^^^^^^^^^^^^^^^^^^^^^^^^^^^
  File "/opt/homebrew/Cellar/python@3.12/3.12.7_1/Frameworks/Python.framework/Versions/3.12/lib/python3.12/importlib/__init__.py", line 90, in import_module
    return _bootstrap._gcd_import(name[level:], package, level)
           ^^^^^^^^^^^^^^^^^^^^^^^^^^^^^^^^^^^^^^^^^^^^^^^^^^^^
  File "<frozen importlib._bootstrap>", line 1387, in _gcd_import
  File "<frozen importlib._bootstrap>", line 1360, in _find_and_load
  File "<frozen importlib._bootstrap>", line 1331, in _find_and_load_unlocked
  File "<frozen importlib._bootstrap>", line 935, in _load_unlocked
  File "<frozen importlib._bootstrap_external>", line 995, in exec_module
  File "<frozen importlib._bootstrap>", line 488, in _call_with_frames_removed
  File "/Users/shauryakesarwani/lawline-ai/.venv/lib/python3.12/site-packages/transformers/models/lightglue/image_processing_lightglue.py", line 24, in <module>
    from torchvision.transforms.v2 import functional as tvF
ModuleNotFoundError: No module named 'torchvision'
2026-08-21 16:03:07.579 Examining the path of transformers.models.llama4.image_processing_llama4_fast raised:
Traceback (most recent call last):
  File "/Users/shauryakesarwani/lawline-ai/.venv/lib/python3.12/site-packages/streamlit/watcher/local_sources_watcher.py", line 340, in get_module_paths
    potential_paths = extract_paths(module)
                      ^^^^^^^^^^^^^^^^^^^^^
  File "/Users/shauryakesarwani/lawline-ai/.venv/lib/python3.12/site-packages/streamlit/watcher/local_sources_watcher.py", line 327, in <lambda>
    if hasattr(m, "__path__")
       ^^^^^^^^^^^^^^^^^^^^^^
  File "/Users/shauryakesarwani/lawline-ai/.venv/lib/python3.12/site-packages/transformers/__init__.py", line 862, in _getattr
    return getattr(importlib.import_module(target, __name__), name)
                   ^^^^^^^^^^^^^^^^^^^^^^^^^^^^^^^^^^^^^^^^^
  File "/opt/homebrew/Cellar/python@3.12/3.12.7_1/Frameworks/Python.framework/Versions/3.12/lib/python3.12/importlib/__init__.py", line 90, in import_module
    return _bootstrap._gcd_import(name[level:], package, level)
           ^^^^^^^^^^^^^^^^^^^^^^^^^^^^^^^^^^^^^^^^^^^^^^^^^^^^
  File "<frozen importlib._bootstrap>", line 1387, in _gcd_import
  File "<frozen importlib._bootstrap>", line 1360, in _find_and_load
  File "<frozen importlib._bootstrap>", line 1331, in _find_and_load_unlocked
  File "<frozen importlib._bootstrap>", line 935, in _load_unlocked
  File "<frozen importlib._bootstrap_external>", line 995, in exec_module
  File "<frozen importlib._bootstrap>", line 488, in _call_with_frames_removed
  File "/Users/shauryakesarwani/lawline-ai/.venv/lib/python3.12/site-packages/transformers/models/llama4/image_processing_llama4.py", line 21, in <module>
    from torchvision.transforms.v2 import functional as tvF
ModuleNotFoundError: No module named 'torchvision'
2026-08-21 16:03:07.582 Examining the path of transformers.models.llava.image_processing_llava_fast raised:
Traceback (most recent call last):
  File "/Users/shauryakesarwani/lawline-ai/.venv/lib/python3.12/site-packages/streamlit/watcher/local_sources_watcher.py", line 340, in get_module_paths
    potential_paths = extract_paths(module)
                      ^^^^^^^^^^^^^^^^^^^^^
  File "/Users/shauryakesarwani/lawline-ai/.venv/lib/python3.12/site-packages/streamlit/watcher/local_sources_watcher.py", line 327, in <lambda>
    if hasattr(m, "__path__")
       ^^^^^^^^^^^^^^^^^^^^^^
  File "/Users/shauryakesarwani/lawline-ai/.venv/lib/python3.12/site-packages/transformers/__init__.py", line 862, in _getattr
    return getattr(importlib.import_module(target, __name__), name)
                   ^^^^^^^^^^^^^^^^^^^^^^^^^^^^^^^^^^^^^^^^^
  File "/opt/homebrew/Cellar/python@3.12/3.12.7_1/Frameworks/Python.framework/Versions/3.12/lib/python3.12/importlib/__init__.py", line 90, in import_module
    return _bootstrap._gcd_import(name[level:], package, level)
           ^^^^^^^^^^^^^^^^^^^^^^^^^^^^^^^^^^^^^^^^^^^^^^^^^^^^
  File "<frozen importlib._bootstrap>", line 1387, in _gcd_import
  File "<frozen importlib._bootstrap>", line 1360, in _find_and_load
  File "<frozen importlib._bootstrap>", line 1331, in _find_and_load_unlocked
  File "<frozen importlib._bootstrap>", line 935, in _load_unlocked
  File "<frozen importlib._bootstrap_external>", line 995, in exec_module
  File "<frozen importlib._bootstrap>", line 488, in _call_with_frames_removed
  File "/Users/shauryakesarwani/lawline-ai/.venv/lib/python3.12/site-packages/transformers/models/llava/image_processing_llava.py", line 19, in <module>
    from torchvision.transforms.v2 import functional as tvF
ModuleNotFoundError: No module named 'torchvision'
2026-08-21 16:03:07.584 Examining the path of transformers.models.llava_next.image_processing_llava_next_fast raised:
Traceback (most recent call last):
  File "/Users/shauryakesarwani/lawline-ai/.venv/lib/python3.12/site-packages/streamlit/watcher/local_sources_watcher.py", line 340, in get_module_paths
    potential_paths = extract_paths(module)
                      ^^^^^^^^^^^^^^^^^^^^^
  File "/Users/shauryakesarwani/lawline-ai/.venv/lib/python3.12/site-packages/streamlit/watcher/local_sources_watcher.py", line 327, in <lambda>
    if hasattr(m, "__path__")
       ^^^^^^^^^^^^^^^^^^^^^^
  File "/Users/shauryakesarwani/lawline-ai/.venv/lib/python3.12/site-packages/transformers/__init__.py", line 862, in _getattr
    return getattr(importlib.import_module(target, __name__), name)
                   ^^^^^^^^^^^^^^^^^^^^^^^^^^^^^^^^^^^^^^^^^
  File "/opt/homebrew/Cellar/python@3.12/3.12.7_1/Frameworks/Python.framework/Versions/3.12/lib/python3.12/importlib/__init__.py", line 90, in import_module
    return _bootstrap._gcd_import(name[level:], package, level)
           ^^^^^^^^^^^^^^^^^^^^^^^^^^^^^^^^^^^^^^^^^^^^^^^^^^^^
  File "<frozen importlib._bootstrap>", line 1387, in _gcd_import
  File "<frozen importlib._bootstrap>", line 1360, in _find_and_load
  File "<frozen importlib._bootstrap>", line 1331, in _find_and_load_unlocked
  File "<frozen importlib._bootstrap>", line 935, in _load_unlocked
  File "<frozen importlib._bootstrap_external>", line 995, in exec_module
  File "<frozen importlib._bootstrap>", line 488, in _call_with_frames_removed
  File "/Users/shauryakesarwani/lawline-ai/.venv/lib/python3.12/site-packages/transformers/models/llava_next/image_processing_llava_next.py", line 19, in <module>
    from torchvision.transforms.v2 import functional as tvF
ModuleNotFoundError: No module named 'torchvision'
2026-08-21 16:03:07.589 Examining the path of transformers.models.llava_onevision.image_processing_llava_onevision_fast raised:
Traceback (most recent call last):
  File "/Users/shauryakesarwani/lawline-ai/.venv/lib/python3.12/site-packages/streamlit/watcher/local_sources_watcher.py", line 340, in get_module_paths
    potential_paths = extract_paths(module)
                      ^^^^^^^^^^^^^^^^^^^^^
  File "/Users/shauryakesarwani/lawline-ai/.venv/lib/python3.12/site-packages/streamlit/watcher/local_sources_watcher.py", line 327, in <lambda>
    if hasattr(m, "__path__")
       ^^^^^^^^^^^^^^^^^^^^^^
  File "/Users/shauryakesarwani/lawline-ai/.venv/lib/python3.12/site-packages/transformers/__init__.py", line 862, in _getattr
    return getattr(importlib.import_module(target, __name__), name)
                   ^^^^^^^^^^^^^^^^^^^^^^^^^^^^^^^^^^^^^^^^^
  File "/opt/homebrew/Cellar/python@3.12/3.12.7_1/Frameworks/Python.framework/Versions/3.12/lib/python3.12/importlib/__init__.py", line 90, in import_module
    return _bootstrap._gcd_import(name[level:], package, level)
           ^^^^^^^^^^^^^^^^^^^^^^^^^^^^^^^^^^^^^^^^^^^^^^^^^^^^
  File "<frozen importlib._bootstrap>", line 1387, in _gcd_import
  File "<frozen importlib._bootstrap>", line 1360, in _find_and_load
  File "<frozen importlib._bootstrap>", line 1331, in _find_and_load_unlocked
  File "<frozen importlib._bootstrap>", line 935, in _load_unlocked
  File "<frozen importlib._bootstrap_external>", line 995, in exec_module
  File "<frozen importlib._bootstrap>", line 488, in _call_with_frames_removed
  File "/Users/shauryakesarwani/lawline-ai/.venv/lib/python3.12/site-packages/transformers/models/llava_onevision/image_processing_llava_onevision.py", line 24, in <module>
    import torchvision.transforms.v2.functional as tvF
ModuleNotFoundError: No module named 'torchvision'
2026-08-21 16:03:07.594 Examining the path of transformers.models.mask2former.image_processing_mask2former_fast raised:
Traceback (most recent call last):
  File "/Users/shauryakesarwani/lawline-ai/.venv/lib/python3.12/site-packages/streamlit/watcher/local_sources_watcher.py", line 340, in get_module_paths
    potential_paths = extract_paths(module)
                      ^^^^^^^^^^^^^^^^^^^^^
  File "/Users/shauryakesarwani/lawline-ai/.venv/lib/python3.12/site-packages/streamlit/watcher/local_sources_watcher.py", line 327, in <lambda>
    if hasattr(m, "__path__")
       ^^^^^^^^^^^^^^^^^^^^^^
  File "/Users/shauryakesarwani/lawline-ai/.venv/lib/python3.12/site-packages/transformers/__init__.py", line 862, in _getattr
    return getattr(importlib.import_module(target, __name__), name)
                   ^^^^^^^^^^^^^^^^^^^^^^^^^^^^^^^^^^^^^^^^^
  File "/opt/homebrew/Cellar/python@3.12/3.12.7_1/Frameworks/Python.framework/Versions/3.12/lib/python3.12/importlib/__init__.py", line 90, in import_module
    return _bootstrap._gcd_import(name[level:], package, level)
           ^^^^^^^^^^^^^^^^^^^^^^^^^^^^^^^^^^^^^^^^^^^^^^^^^^^^
  File "<frozen importlib._bootstrap>", line 1387, in _gcd_import
  File "<frozen importlib._bootstrap>", line 1360, in _find_and_load
  File "<frozen importlib._bootstrap>", line 1331, in _find_and_load_unlocked
  File "<frozen importlib._bootstrap>", line 935, in _load_unlocked
  File "<frozen importlib._bootstrap_external>", line 995, in exec_module
  File "<frozen importlib._bootstrap>", line 488, in _call_with_frames_removed
  File "/Users/shauryakesarwani/lawline-ai/.venv/lib/python3.12/site-packages/transformers/models/mask2former/image_processing_mask2former.py", line 27, in <module>
    from torchvision.transforms.v2 import functional as tvF
ModuleNotFoundError: No module named 'torchvision'
2026-08-21 16:03:07.600 Examining the path of transformers.models.maskformer.image_processing_maskformer_fast raised:
Traceback (most recent call last):
  File "/Users/shauryakesarwani/lawline-ai/.venv/lib/python3.12/site-packages/streamlit/watcher/local_sources_watcher.py", line 340, in get_module_paths
    potential_paths = extract_paths(module)
                      ^^^^^^^^^^^^^^^^^^^^^
  File "/Users/shauryakesarwani/lawline-ai/.venv/lib/python3.12/site-packages/streamlit/watcher/local_sources_watcher.py", line 327, in <lambda>
    if hasattr(m, "__path__")
       ^^^^^^^^^^^^^^^^^^^^^^
  File "/Users/shauryakesarwani/lawline-ai/.venv/lib/python3.12/site-packages/transformers/__init__.py", line 862, in _getattr
    return getattr(importlib.import_module(target, __name__), name)
                   ^^^^^^^^^^^^^^^^^^^^^^^^^^^^^^^^^^^^^^^^^
  File "/opt/homebrew/Cellar/python@3.12/3.12.7_1/Frameworks/Python.framework/Versions/3.12/lib/python3.12/importlib/__init__.py", line 90, in import_module
    return _bootstrap._gcd_import(name[level:], package, level)
           ^^^^^^^^^^^^^^^^^^^^^^^^^^^^^^^^^^^^^^^^^^^^^^^^^^^^
  File "<frozen importlib._bootstrap>", line 1387, in _gcd_import
  File "<frozen importlib._bootstrap>", line 1360, in _find_and_load
  File "<frozen importlib._bootstrap>", line 1331, in _find_and_load_unlocked
  File "<frozen importlib._bootstrap>", line 935, in _load_unlocked
  File "<frozen importlib._bootstrap_external>", line 995, in exec_module
  File "<frozen importlib._bootstrap>", line 488, in _call_with_frames_removed
  File "/Users/shauryakesarwani/lawline-ai/.venv/lib/python3.12/site-packages/transformers/models/maskformer/image_processing_maskformer.py", line 22, in <module>
    from torchvision.transforms.v2 import functional as tvF
ModuleNotFoundError: No module named 'torchvision'
2026-08-21 16:03:07.612 Examining the path of transformers.models.minimax_m3_vl.image_processing_minimax_m3_vl_fast raised:
Traceback (most recent call last):
  File "/Users/shauryakesarwani/lawline-ai/.venv/lib/python3.12/site-packages/streamlit/watcher/local_sources_watcher.py", line 340, in get_module_paths
    potential_paths = extract_paths(module)
                      ^^^^^^^^^^^^^^^^^^^^^
  File "/Users/shauryakesarwani/lawline-ai/.venv/lib/python3.12/site-packages/streamlit/watcher/local_sources_watcher.py", line 327, in <lambda>
    if hasattr(m, "__path__")
       ^^^^^^^^^^^^^^^^^^^^^^
  File "/Users/shauryakesarwani/lawline-ai/.venv/lib/python3.12/site-packages/transformers/__init__.py", line 862, in _getattr
    return getattr(importlib.import_module(target, __name__), name)
                   ^^^^^^^^^^^^^^^^^^^^^^^^^^^^^^^^^^^^^^^^^
  File "/opt/homebrew/Cellar/python@3.12/3.12.7_1/Frameworks/Python.framework/Versions/3.12/lib/python3.12/importlib/__init__.py", line 90, in import_module
    return _bootstrap._gcd_import(name[level:], package, level)
           ^^^^^^^^^^^^^^^^^^^^^^^^^^^^^^^^^^^^^^^^^^^^^^^^^^^^
  File "<frozen importlib._bootstrap>", line 1387, in _gcd_import
  File "<frozen importlib._bootstrap>", line 1360, in _find_and_load
  File "<frozen importlib._bootstrap>", line 1331, in _find_and_load_unlocked
  File "<frozen importlib._bootstrap>", line 935, in _load_unlocked
  File "<frozen importlib._bootstrap_external>", line 995, in exec_module
  File "<frozen importlib._bootstrap>", line 488, in _call_with_frames_removed
  File "/Users/shauryakesarwani/lawline-ai/.venv/lib/python3.12/site-packages/transformers/models/minimax_m3_vl/image_processing_minimax_m3_vl.py", line 25, in <module>
    from torchvision.transforms.v2 import functional as tvF
ModuleNotFoundError: No module named 'torchvision'
2026-08-21 16:03:07.614 Examining the path of transformers.models.mllama.image_processing_mllama_fast raised:
Traceback (most recent call last):
  File "/Users/shauryakesarwani/lawline-ai/.venv/lib/python3.12/site-packages/streamlit/watcher/local_sources_watcher.py", line 340, in get_module_paths
    potential_paths = extract_paths(module)
                      ^^^^^^^^^^^^^^^^^^^^^
  File "/Users/shauryakesarwani/lawline-ai/.venv/lib/python3.12/site-packages/streamlit/watcher/local_sources_watcher.py", line 327, in <lambda>
    if hasattr(m, "__path__")
       ^^^^^^^^^^^^^^^^^^^^^^
  File "/Users/shauryakesarwani/lawline-ai/.venv/lib/python3.12/site-packages/transformers/__init__.py", line 862, in _getattr
    return getattr(importlib.import_module(target, __name__), name)
                   ^^^^^^^^^^^^^^^^^^^^^^^^^^^^^^^^^^^^^^^^^
  File "/opt/homebrew/Cellar/python@3.12/3.12.7_1/Frameworks/Python.framework/Versions/3.12/lib/python3.12/importlib/__init__.py", line 90, in import_module
    return _bootstrap._gcd_import(name[level:], package, level)
           ^^^^^^^^^^^^^^^^^^^^^^^^^^^^^^^^^^^^^^^^^^^^^^^^^^^^
  File "<frozen importlib._bootstrap>", line 1387, in _gcd_import
  File "<frozen importlib._bootstrap>", line 1360, in _find_and_load
  File "<frozen importlib._bootstrap>", line 1331, in _find_and_load_unlocked
  File "<frozen importlib._bootstrap>", line 935, in _load_unlocked
  File "<frozen importlib._bootstrap_external>", line 995, in exec_module
  File "<frozen importlib._bootstrap>", line 488, in _call_with_frames_removed
  File "/Users/shauryakesarwani/lawline-ai/.venv/lib/python3.12/site-packages/transformers/models/mllama/image_processing_mllama.py", line 40, in <module>
    from torchvision.transforms.v2 import functional as tvF
ModuleNotFoundError: No module named 'torchvision'
2026-08-21 16:03:07.623 Examining the path of transformers.models.mobilenet_v2.image_processing_mobilenet_v2_fast raised:
Traceback (most recent call last):
  File "/Users/shauryakesarwani/lawline-ai/.venv/lib/python3.12/site-packages/streamlit/watcher/local_sources_watcher.py", line 340, in get_module_paths
    potential_paths = extract_paths(module)
                      ^^^^^^^^^^^^^^^^^^^^^
  File "/Users/shauryakesarwani/lawline-ai/.venv/lib/python3.12/site-packages/streamlit/watcher/local_sources_watcher.py", line 327, in <lambda>
    if hasattr(m, "__path__")
       ^^^^^^^^^^^^^^^^^^^^^^
  File "/Users/shauryakesarwani/lawline-ai/.venv/lib/python3.12/site-packages/transformers/__init__.py", line 862, in _getattr
    return getattr(importlib.import_module(target, __name__), name)
                   ^^^^^^^^^^^^^^^^^^^^^^^^^^^^^^^^^^^^^^^^^
  File "/opt/homebrew/Cellar/python@3.12/3.12.7_1/Frameworks/Python.framework/Versions/3.12/lib/python3.12/importlib/__init__.py", line 90, in import_module
    return _bootstrap._gcd_import(name[level:], package, level)
           ^^^^^^^^^^^^^^^^^^^^^^^^^^^^^^^^^^^^^^^^^^^^^^^^^^^^
  File "<frozen importlib._bootstrap>", line 1387, in _gcd_import
  File "<frozen importlib._bootstrap>", line 1360, in _find_and_load
  File "<frozen importlib._bootstrap>", line 1331, in _find_and_load_unlocked
  File "<frozen importlib._bootstrap>", line 935, in _load_unlocked
  File "<frozen importlib._bootstrap_external>", line 995, in exec_module
  File "<frozen importlib._bootstrap>", line 488, in _call_with_frames_removed
  File "/Users/shauryakesarwani/lawline-ai/.venv/lib/python3.12/site-packages/transformers/models/mobilenet_v2/image_processing_mobilenet_v2.py", line 19, in <module>
    from torchvision.transforms.v2 import functional as tvF
ModuleNotFoundError: No module named 'torchvision'
2026-08-21 16:03:07.627 Examining the path of transformers.models.mobilevit.image_processing_mobilevit_fast raised:
Traceback (most recent call last):
  File "/Users/shauryakesarwani/lawline-ai/.venv/lib/python3.12/site-packages/streamlit/watcher/local_sources_watcher.py", line 340, in get_module_paths
    potential_paths = extract_paths(module)
                      ^^^^^^^^^^^^^^^^^^^^^
  File "/Users/shauryakesarwani/lawline-ai/.venv/lib/python3.12/site-packages/streamlit/watcher/local_sources_watcher.py", line 327, in <lambda>
    if hasattr(m, "__path__")
       ^^^^^^^^^^^^^^^^^^^^^^
  File "/Users/shauryakesarwani/lawline-ai/.venv/lib/python3.12/site-packages/transformers/__init__.py", line 862, in _getattr
    return getattr(importlib.import_module(target, __name__), name)
                   ^^^^^^^^^^^^^^^^^^^^^^^^^^^^^^^^^^^^^^^^^
  File "/opt/homebrew/Cellar/python@3.12/3.12.7_1/Frameworks/Python.framework/Versions/3.12/lib/python3.12/importlib/__init__.py", line 90, in import_module
    return _bootstrap._gcd_import(name[level:], package, level)
           ^^^^^^^^^^^^^^^^^^^^^^^^^^^^^^^^^^^^^^^^^^^^^^^^^^^^
  File "<frozen importlib._bootstrap>", line 1387, in _gcd_import
  File "<frozen importlib._bootstrap>", line 1360, in _find_and_load
  File "<frozen importlib._bootstrap>", line 1331, in _find_and_load_unlocked
  File "<frozen importlib._bootstrap>", line 935, in _load_unlocked
  File "<frozen importlib._bootstrap_external>", line 995, in exec_module
  File "<frozen importlib._bootstrap>", line 488, in _call_with_frames_removed
  File "/Users/shauryakesarwani/lawline-ai/.venv/lib/python3.12/site-packages/transformers/models/mobilevit/image_processing_mobilevit.py", line 19, in <module>
    from torchvision.transforms.v2 import functional as tvF
ModuleNotFoundError: No module named 'torchvision'
2026-08-21 16:03:07.631 Examining the path of transformers.models.muse_glimmer.image_processing_muse_glimmer_fast raised:
Traceback (most recent call last):
  File "/Users/shauryakesarwani/lawline-ai/.venv/lib/python3.12/site-packages/streamlit/watcher/local_sources_watcher.py", line 340, in get_module_paths
    potential_paths = extract_paths(module)
                      ^^^^^^^^^^^^^^^^^^^^^
  File "/Users/shauryakesarwani/lawline-ai/.venv/lib/python3.12/site-packages/streamlit/watcher/local_sources_watcher.py", line 327, in <lambda>
    if hasattr(m, "__path__")
       ^^^^^^^^^^^^^^^^^^^^^^
  File "/Users/shauryakesarwani/lawline-ai/.venv/lib/python3.12/site-packages/transformers/__init__.py", line 862, in _getattr
    return getattr(importlib.import_module(target, __name__), name)
                   ^^^^^^^^^^^^^^^^^^^^^^^^^^^^^^^^^^^^^^^^^
  File "/opt/homebrew/Cellar/python@3.12/3.12.7_1/Frameworks/Python.framework/Versions/3.12/lib/python3.12/importlib/__init__.py", line 90, in import_module
    return _bootstrap._gcd_import(name[level:], package, level)
           ^^^^^^^^^^^^^^^^^^^^^^^^^^^^^^^^^^^^^^^^^^^^^^^^^^^^
  File "<frozen importlib._bootstrap>", line 1387, in _gcd_import
  File "<frozen importlib._bootstrap>", line 1360, in _find_and_load
  File "<frozen importlib._bootstrap>", line 1331, in _find_and_load_unlocked
  File "<frozen importlib._bootstrap>", line 935, in _load_unlocked
  File "<frozen importlib._bootstrap_external>", line 995, in exec_module
  File "<frozen importlib._bootstrap>", line 488, in _call_with_frames_removed
  File "/Users/shauryakesarwani/lawline-ai/.venv/lib/python3.12/site-packages/transformers/models/muse_glimmer/image_processing_muse_glimmer.py", line 25, in <module>
    from torchvision.transforms.v2 import functional as tvF
ModuleNotFoundError: No module named 'torchvision'
2026-08-21 16:03:07.632 Examining the path of transformers.models.nougat.image_processing_nougat_fast raised:
Traceback (most recent call last):
  File "/Users/shauryakesarwani/lawline-ai/.venv/lib/python3.12/site-packages/streamlit/watcher/local_sources_watcher.py", line 340, in get_module_paths
    potential_paths = extract_paths(module)
                      ^^^^^^^^^^^^^^^^^^^^^
  File "/Users/shauryakesarwani/lawline-ai/.venv/lib/python3.12/site-packages/streamlit/watcher/local_sources_watcher.py", line 327, in <lambda>
    if hasattr(m, "__path__")
       ^^^^^^^^^^^^^^^^^^^^^^
  File "/Users/shauryakesarwani/lawline-ai/.venv/lib/python3.12/site-packages/transformers/__init__.py", line 862, in _getattr
    return getattr(importlib.import_module(target, __name__), name)
                   ^^^^^^^^^^^^^^^^^^^^^^^^^^^^^^^^^^^^^^^^^
  File "/opt/homebrew/Cellar/python@3.12/3.12.7_1/Frameworks/Python.framework/Versions/3.12/lib/python3.12/importlib/__init__.py", line 90, in import_module
    return _bootstrap._gcd_import(name[level:], package, level)
           ^^^^^^^^^^^^^^^^^^^^^^^^^^^^^^^^^^^^^^^^^^^^^^^^^^^^
  File "<frozen importlib._bootstrap>", line 1387, in _gcd_import
  File "<frozen importlib._bootstrap>", line 1360, in _find_and_load
  File "<frozen importlib._bootstrap>", line 1331, in _find_and_load_unlocked
  File "<frozen importlib._bootstrap>", line 935, in _load_unlocked
  File "<frozen importlib._bootstrap_external>", line 995, in exec_module
  File "<frozen importlib._bootstrap>", line 488, in _call_with_frames_removed
  File "/Users/shauryakesarwani/lawline-ai/.venv/lib/python3.12/site-packages/transformers/models/nougat/image_processing_nougat.py", line 17, in <module>
    from torchvision.transforms.v2 import functional as tvF
ModuleNotFoundError: No module named 'torchvision'
2026-08-21 16:03:07.638 Examining the path of transformers.models.oneformer.image_processing_oneformer_fast raised:
Traceback (most recent call last):
  File "/Users/shauryakesarwani/lawline-ai/.venv/lib/python3.12/site-packages/streamlit/watcher/local_sources_watcher.py", line 340, in get_module_paths
    potential_paths = extract_paths(module)
                      ^^^^^^^^^^^^^^^^^^^^^
  File "/Users/shauryakesarwani/lawline-ai/.venv/lib/python3.12/site-packages/streamlit/watcher/local_sources_watcher.py", line 327, in <lambda>
    if hasattr(m, "__path__")
       ^^^^^^^^^^^^^^^^^^^^^^
  File "/Users/shauryakesarwani/lawline-ai/.venv/lib/python3.12/site-packages/transformers/__init__.py", line 862, in _getattr
    return getattr(importlib.import_module(target, __name__), name)
                   ^^^^^^^^^^^^^^^^^^^^^^^^^^^^^^^^^^^^^^^^^
  File "/opt/homebrew/Cellar/python@3.12/3.12.7_1/Frameworks/Python.framework/Versions/3.12/lib/python3.12/importlib/__init__.py", line 90, in import_module
    return _bootstrap._gcd_import(name[level:], package, level)
           ^^^^^^^^^^^^^^^^^^^^^^^^^^^^^^^^^^^^^^^^^^^^^^^^^^^^
  File "<frozen importlib._bootstrap>", line 1387, in _gcd_import
  File "<frozen importlib._bootstrap>", line 1360, in _find_and_load
  File "<frozen importlib._bootstrap>", line 1331, in _find_and_load_unlocked
  File "<frozen importlib._bootstrap>", line 935, in _load_unlocked
  File "<frozen importlib._bootstrap_external>", line 995, in exec_module
  File "<frozen importlib._bootstrap>", line 488, in _call_with_frames_removed
  File "/Users/shauryakesarwani/lawline-ai/.venv/lib/python3.12/site-packages/transformers/models/oneformer/image_processing_oneformer.py", line 23, in <module>
    from torchvision.transforms.v2 import functional as tvF
ModuleNotFoundError: No module named 'torchvision'
2026-08-21 16:03:07.643 Examining the path of transformers.models.ovis2.image_processing_ovis2_fast raised:
Traceback (most recent call last):
  File "/Users/shauryakesarwani/lawline-ai/.venv/lib/python3.12/site-packages/streamlit/watcher/local_sources_watcher.py", line 340, in get_module_paths
    potential_paths = extract_paths(module)
                      ^^^^^^^^^^^^^^^^^^^^^
  File "/Users/shauryakesarwani/lawline-ai/.venv/lib/python3.12/site-packages/streamlit/watcher/local_sources_watcher.py", line 327, in <lambda>
    if hasattr(m, "__path__")
       ^^^^^^^^^^^^^^^^^^^^^^
  File "/Users/shauryakesarwani/lawline-ai/.venv/lib/python3.12/site-packages/transformers/__init__.py", line 862, in _getattr
    return getattr(importlib.import_module(target, __name__), name)
                   ^^^^^^^^^^^^^^^^^^^^^^^^^^^^^^^^^^^^^^^^^
  File "/opt/homebrew/Cellar/python@3.12/3.12.7_1/Frameworks/Python.framework/Versions/3.12/lib/python3.12/importlib/__init__.py", line 90, in import_module
    return _bootstrap._gcd_import(name[level:], package, level)
           ^^^^^^^^^^^^^^^^^^^^^^^^^^^^^^^^^^^^^^^^^^^^^^^^^^^^
  File "<frozen importlib._bootstrap>", line 1387, in _gcd_import
  File "<frozen importlib._bootstrap>", line 1360, in _find_and_load
  File "<frozen importlib._bootstrap>", line 1331, in _find_and_load_unlocked
  File "<frozen importlib._bootstrap>", line 935, in _load_unlocked
  File "<frozen importlib._bootstrap_external>", line 995, in exec_module
  File "<frozen importlib._bootstrap>", line 488, in _call_with_frames_removed
  File "/Users/shauryakesarwani/lawline-ai/.venv/lib/python3.12/site-packages/transformers/models/ovis2/image_processing_ovis2.py", line 19, in <module>
    from torchvision.transforms.v2 import functional as tvF
ModuleNotFoundError: No module named 'torchvision'
2026-08-21 16:03:07.651 Examining the path of transformers.models.owlv2.image_processing_owlv2_fast raised:
Traceback (most recent call last):
  File "/Users/shauryakesarwani/lawline-ai/.venv/lib/python3.12/site-packages/streamlit/watcher/local_sources_watcher.py", line 340, in get_module_paths
    potential_paths = extract_paths(module)
                      ^^^^^^^^^^^^^^^^^^^^^
  File "/Users/shauryakesarwani/lawline-ai/.venv/lib/python3.12/site-packages/streamlit/watcher/local_sources_watcher.py", line 327, in <lambda>
    if hasattr(m, "__path__")
       ^^^^^^^^^^^^^^^^^^^^^^
  File "/Users/shauryakesarwani/lawline-ai/.venv/lib/python3.12/site-packages/transformers/__init__.py", line 862, in _getattr
    return getattr(importlib.import_module(target, __name__), name)
                   ^^^^^^^^^^^^^^^^^^^^^^^^^^^^^^^^^^^^^^^^^
  File "/opt/homebrew/Cellar/python@3.12/3.12.7_1/Frameworks/Python.framework/Versions/3.12/lib/python3.12/importlib/__init__.py", line 90, in import_module
    return _bootstrap._gcd_import(name[level:], package, level)
           ^^^^^^^^^^^^^^^^^^^^^^^^^^^^^^^^^^^^^^^^^^^^^^^^^^^^
  File "<frozen importlib._bootstrap>", line 1387, in _gcd_import
  File "<frozen importlib._bootstrap>", line 1360, in _find_and_load
  File "<frozen importlib._bootstrap>", line 1331, in _find_and_load_unlocked
  File "<frozen importlib._bootstrap>", line 935, in _load_unlocked
  File "<frozen importlib._bootstrap_external>", line 995, in exec_module
  File "<frozen importlib._bootstrap>", line 488, in _call_with_frames_removed
  File "/Users/shauryakesarwani/lawline-ai/.venv/lib/python3.12/site-packages/transformers/models/owlv2/image_processing_owlv2.py", line 25, in <module>
    import torchvision.transforms.v2.functional as tvF
ModuleNotFoundError: No module named 'torchvision'
2026-08-21 16:03:07.657 Examining the path of transformers.models.paddleocr_vl.image_processing_paddleocr_vl_fast raised:
Traceback (most recent call last):
  File "/Users/shauryakesarwani/lawline-ai/.venv/lib/python3.12/site-packages/streamlit/watcher/local_sources_watcher.py", line 340, in get_module_paths
    potential_paths = extract_paths(module)
                      ^^^^^^^^^^^^^^^^^^^^^
  File "/Users/shauryakesarwani/lawline-ai/.venv/lib/python3.12/site-packages/streamlit/watcher/local_sources_watcher.py", line 327, in <lambda>
    if hasattr(m, "__path__")
       ^^^^^^^^^^^^^^^^^^^^^^
  File "/Users/shauryakesarwani/lawline-ai/.venv/lib/python3.12/site-packages/transformers/__init__.py", line 862, in _getattr
    return getattr(importlib.import_module(target, __name__), name)
                   ^^^^^^^^^^^^^^^^^^^^^^^^^^^^^^^^^^^^^^^^^
  File "/opt/homebrew/Cellar/python@3.12/3.12.7_1/Frameworks/Python.framework/Versions/3.12/lib/python3.12/importlib/__init__.py", line 90, in import_module
    return _bootstrap._gcd_import(name[level:], package, level)
           ^^^^^^^^^^^^^^^^^^^^^^^^^^^^^^^^^^^^^^^^^^^^^^^^^^^^
  File "<frozen importlib._bootstrap>", line 1387, in _gcd_import
  File "<frozen importlib._bootstrap>", line 1360, in _find_and_load
  File "<frozen importlib._bootstrap>", line 1331, in _find_and_load_unlocked
  File "<frozen importlib._bootstrap>", line 935, in _load_unlocked
  File "<frozen importlib._bootstrap_external>", line 995, in exec_module
  File "<frozen importlib._bootstrap>", line 488, in _call_with_frames_removed
  File "/Users/shauryakesarwani/lawline-ai/.venv/lib/python3.12/site-packages/transformers/models/paddleocr_vl/image_processing_paddleocr_vl.py", line 30, in <module>
    from torchvision.transforms.v2 import functional as tvF
ModuleNotFoundError: No module named 'torchvision'
2026-08-21 16:03:07.664 Examining the path of transformers.models.perceiver.image_processing_perceiver_fast raised:
Traceback (most recent call last):
  File "/Users/shauryakesarwani/lawline-ai/.venv/lib/python3.12/site-packages/streamlit/watcher/local_sources_watcher.py", line 340, in get_module_paths
    potential_paths = extract_paths(module)
                      ^^^^^^^^^^^^^^^^^^^^^
  File "/Users/shauryakesarwani/lawline-ai/.venv/lib/python3.12/site-packages/streamlit/watcher/local_sources_watcher.py", line 327, in <lambda>
    if hasattr(m, "__path__")
       ^^^^^^^^^^^^^^^^^^^^^^
  File "/Users/shauryakesarwani/lawline-ai/.venv/lib/python3.12/site-packages/transformers/__init__.py", line 862, in _getattr
    return getattr(importlib.import_module(target, __name__), name)
                   ^^^^^^^^^^^^^^^^^^^^^^^^^^^^^^^^^^^^^^^^^
  File "/opt/homebrew/Cellar/python@3.12/3.12.7_1/Frameworks/Python.framework/Versions/3.12/lib/python3.12/importlib/__init__.py", line 90, in import_module
    return _bootstrap._gcd_import(name[level:], package, level)
           ^^^^^^^^^^^^^^^^^^^^^^^^^^^^^^^^^^^^^^^^^^^^^^^^^^^^
  File "<frozen importlib._bootstrap>", line 1387, in _gcd_import
  File "<frozen importlib._bootstrap>", line 1360, in _find_and_load
  File "<frozen importlib._bootstrap>", line 1331, in _find_and_load_unlocked
  File "<frozen importlib._bootstrap>", line 935, in _load_unlocked
  File "<frozen importlib._bootstrap_external>", line 995, in exec_module
  File "<frozen importlib._bootstrap>", line 488, in _call_with_frames_removed
  File "/Users/shauryakesarwani/lawline-ai/.venv/lib/python3.12/site-packages/transformers/models/perceiver/image_processing_perceiver.py", line 17, in <module>
    from torchvision.transforms.v2 import functional as tvF
ModuleNotFoundError: No module named 'torchvision'
2026-08-21 16:03:07.667 Examining the path of transformers.models.perception_lm.image_processing_perception_lm_fast raised:
Traceback (most recent call last):
  File "/Users/shauryakesarwani/lawline-ai/.venv/lib/python3.12/site-packages/streamlit/watcher/local_sources_watcher.py", line 340, in get_module_paths
    potential_paths = extract_paths(module)
                      ^^^^^^^^^^^^^^^^^^^^^
  File "/Users/shauryakesarwani/lawline-ai/.venv/lib/python3.12/site-packages/streamlit/watcher/local_sources_watcher.py", line 327, in <lambda>
    if hasattr(m, "__path__")
       ^^^^^^^^^^^^^^^^^^^^^^
  File "/Users/shauryakesarwani/lawline-ai/.venv/lib/python3.12/site-packages/transformers/__init__.py", line 862, in _getattr
    return getattr(importlib.import_module(target, __name__), name)
                   ^^^^^^^^^^^^^^^^^^^^^^^^^^^^^^^^^^^^^^^^^
  File "/opt/homebrew/Cellar/python@3.12/3.12.7_1/Frameworks/Python.framework/Versions/3.12/lib/python3.12/importlib/__init__.py", line 90, in import_module
    return _bootstrap._gcd_import(name[level:], package, level)
           ^^^^^^^^^^^^^^^^^^^^^^^^^^^^^^^^^^^^^^^^^^^^^^^^^^^^
  File "<frozen importlib._bootstrap>", line 1387, in _gcd_import
  File "<frozen importlib._bootstrap>", line 1360, in _find_and_load
  File "<frozen importlib._bootstrap>", line 1331, in _find_and_load_unlocked
  File "<frozen importlib._bootstrap>", line 935, in _load_unlocked
  File "<frozen importlib._bootstrap_external>", line 995, in exec_module
  File "<frozen importlib._bootstrap>", line 488, in _call_with_frames_removed
  File "/Users/shauryakesarwani/lawline-ai/.venv/lib/python3.12/site-packages/transformers/models/perception_lm/image_processing_perception_lm.py", line 19, in <module>
    from torchvision.transforms.v2 import functional as tvF
ModuleNotFoundError: No module named 'torchvision'
2026-08-21 16:03:07.669 Examining the path of transformers.models.phi4_multimodal.image_processing_phi4_multimodal_fast raised:
Traceback (most recent call last):
  File "/Users/shauryakesarwani/lawline-ai/.venv/lib/python3.12/site-packages/streamlit/watcher/local_sources_watcher.py", line 340, in get_module_paths
    potential_paths = extract_paths(module)
                      ^^^^^^^^^^^^^^^^^^^^^
  File "/Users/shauryakesarwani/lawline-ai/.venv/lib/python3.12/site-packages/streamlit/watcher/local_sources_watcher.py", line 327, in <lambda>
    if hasattr(m, "__path__")
       ^^^^^^^^^^^^^^^^^^^^^^
  File "/Users/shauryakesarwani/lawline-ai/.venv/lib/python3.12/site-packages/transformers/__init__.py", line 862, in _getattr
    return getattr(importlib.import_module(target, __name__), name)
                   ^^^^^^^^^^^^^^^^^^^^^^^^^^^^^^^^^^^^^^^^^
  File "/opt/homebrew/Cellar/python@3.12/3.12.7_1/Frameworks/Python.framework/Versions/3.12/lib/python3.12/importlib/__init__.py", line 90, in import_module
    return _bootstrap._gcd_import(name[level:], package, level)
           ^^^^^^^^^^^^^^^^^^^^^^^^^^^^^^^^^^^^^^^^^^^^^^^^^^^^
  File "<frozen importlib._bootstrap>", line 1387, in _gcd_import
  File "<frozen importlib._bootstrap>", line 1360, in _find_and_load
  File "<frozen importlib._bootstrap>", line 1331, in _find_and_load_unlocked
  File "<frozen importlib._bootstrap>", line 935, in _load_unlocked
  File "<frozen importlib._bootstrap_external>", line 995, in exec_module
  File "<frozen importlib._bootstrap>", line 488, in _call_with_frames_removed
  File "/Users/shauryakesarwani/lawline-ai/.venv/lib/python3.12/site-packages/transformers/models/phi4_multimodal/image_processing_phi4_multimodal.py", line 19, in <module>
    from torchvision.transforms.v2 import functional as tvF
ModuleNotFoundError: No module named 'torchvision'
2026-08-21 16:03:07.679 Examining the path of transformers.models.pix2struct.image_processing_pix2struct_fast raised:
Traceback (most recent call last):
  File "/Users/shauryakesarwani/lawline-ai/.venv/lib/python3.12/site-packages/streamlit/watcher/local_sources_watcher.py", line 340, in get_module_paths
    potential_paths = extract_paths(module)
                      ^^^^^^^^^^^^^^^^^^^^^
  File "/Users/shauryakesarwani/lawline-ai/.venv/lib/python3.12/site-packages/streamlit/watcher/local_sources_watcher.py", line 327, in <lambda>
    if hasattr(m, "__path__")
       ^^^^^^^^^^^^^^^^^^^^^^
  File "/Users/shauryakesarwani/lawline-ai/.venv/lib/python3.12/site-packages/transformers/__init__.py", line 862, in _getattr
    return getattr(importlib.import_module(target, __name__), name)
                   ^^^^^^^^^^^^^^^^^^^^^^^^^^^^^^^^^^^^^^^^^
  File "/opt/homebrew/Cellar/python@3.12/3.12.7_1/Frameworks/Python.framework/Versions/3.12/lib/python3.12/importlib/__init__.py", line 90, in import_module
    return _bootstrap._gcd_import(name[level:], package, level)
           ^^^^^^^^^^^^^^^^^^^^^^^^^^^^^^^^^^^^^^^^^^^^^^^^^^^^
  File "<frozen importlib._bootstrap>", line 1387, in _gcd_import
  File "<frozen importlib._bootstrap>", line 1360, in _find_and_load
  File "<frozen importlib._bootstrap>", line 1331, in _find_and_load_unlocked
  File "<frozen importlib._bootstrap>", line 935, in _load_unlocked
  File "<frozen importlib._bootstrap_external>", line 995, in exec_module
  File "<frozen importlib._bootstrap>", line 488, in _call_with_frames_removed
  File "/Users/shauryakesarwani/lawline-ai/.venv/lib/python3.12/site-packages/transformers/models/pix2struct/image_processing_pix2struct.py", line 21, in <module>
    import torchvision.transforms.v2.functional as tvF
ModuleNotFoundError: No module named 'torchvision'
2026-08-21 16:03:07.683 Examining the path of transformers.models.pixtral.image_processing_pixtral_fast raised:
Traceback (most recent call last):
  File "/Users/shauryakesarwani/lawline-ai/.venv/lib/python3.12/site-packages/streamlit/watcher/local_sources_watcher.py", line 340, in get_module_paths
    potential_paths = extract_paths(module)
                      ^^^^^^^^^^^^^^^^^^^^^
  File "/Users/shauryakesarwani/lawline-ai/.venv/lib/python3.12/site-packages/streamlit/watcher/local_sources_watcher.py", line 327, in <lambda>
    if hasattr(m, "__path__")
       ^^^^^^^^^^^^^^^^^^^^^^
  File "/Users/shauryakesarwani/lawline-ai/.venv/lib/python3.12/site-packages/transformers/__init__.py", line 862, in _getattr
    return getattr(importlib.import_module(target, __name__), name)
                   ^^^^^^^^^^^^^^^^^^^^^^^^^^^^^^^^^^^^^^^^^
  File "/opt/homebrew/Cellar/python@3.12/3.12.7_1/Frameworks/Python.framework/Versions/3.12/lib/python3.12/importlib/__init__.py", line 90, in import_module
    return _bootstrap._gcd_import(name[level:], package, level)
           ^^^^^^^^^^^^^^^^^^^^^^^^^^^^^^^^^^^^^^^^^^^^^^^^^^^^
  File "<frozen importlib._bootstrap>", line 1387, in _gcd_import
  File "<frozen importlib._bootstrap>", line 1360, in _find_and_load
  File "<frozen importlib._bootstrap>", line 1331, in _find_and_load_unlocked
  File "<frozen importlib._bootstrap>", line 935, in _load_unlocked
  File "<frozen importlib._bootstrap_external>", line 995, in exec_module
  File "<frozen importlib._bootstrap>", line 488, in _call_with_frames_removed
  File "/Users/shauryakesarwani/lawline-ai/.venv/lib/python3.12/site-packages/transformers/models/pixtral/image_processing_pixtral.py", line 19, in <module>
    from torchvision.transforms.v2 import functional as tvF
ModuleNotFoundError: No module named 'torchvision'
2026-08-21 16:03:07.685 Examining the path of transformers.models.poolformer.image_processing_poolformer_fast raised:
Traceback (most recent call last):
  File "/Users/shauryakesarwani/lawline-ai/.venv/lib/python3.12/site-packages/streamlit/watcher/local_sources_watcher.py", line 340, in get_module_paths
    potential_paths = extract_paths(module)
                      ^^^^^^^^^^^^^^^^^^^^^
  File "/Users/shauryakesarwani/lawline-ai/.venv/lib/python3.12/site-packages/streamlit/watcher/local_sources_watcher.py", line 327, in <lambda>
    if hasattr(m, "__path__")
       ^^^^^^^^^^^^^^^^^^^^^^
  File "/Users/shauryakesarwani/lawline-ai/.venv/lib/python3.12/site-packages/transformers/__init__.py", line 862, in _getattr
    return getattr(importlib.import_module(target, __name__), name)
                   ^^^^^^^^^^^^^^^^^^^^^^^^^^^^^^^^^^^^^^^^^
  File "/opt/homebrew/Cellar/python@3.12/3.12.7_1/Frameworks/Python.framework/Versions/3.12/lib/python3.12/importlib/__init__.py", line 90, in import_module
    return _bootstrap._gcd_import(name[level:], package, level)
           ^^^^^^^^^^^^^^^^^^^^^^^^^^^^^^^^^^^^^^^^^^^^^^^^^^^^
  File "<frozen importlib._bootstrap>", line 1387, in _gcd_import
  File "<frozen importlib._bootstrap>", line 1360, in _find_and_load
  File "<frozen importlib._bootstrap>", line 1331, in _find_and_load_unlocked
  File "<frozen importlib._bootstrap>", line 935, in _load_unlocked
  File "<frozen importlib._bootstrap_external>", line 995, in exec_module
  File "<frozen importlib._bootstrap>", line 488, in _call_with_frames_removed
  File "/Users/shauryakesarwani/lawline-ai/.venv/lib/python3.12/site-packages/transformers/models/poolformer/image_processing_poolformer.py", line 17, in <module>
    from torchvision.transforms.v2 import functional as tvF
ModuleNotFoundError: No module named 'torchvision'
2026-08-21 16:03:07.691 Examining the path of transformers.models.pp_doclayout_v2.image_processing_pp_doclayout_v2_fast raised:
Traceback (most recent call last):
  File "/Users/shauryakesarwani/lawline-ai/.venv/lib/python3.12/site-packages/streamlit/watcher/local_sources_watcher.py", line 340, in get_module_paths
    potential_paths = extract_paths(module)
                      ^^^^^^^^^^^^^^^^^^^^^
  File "/Users/shauryakesarwani/lawline-ai/.venv/lib/python3.12/site-packages/streamlit/watcher/local_sources_watcher.py", line 327, in <lambda>
    if hasattr(m, "__path__")
       ^^^^^^^^^^^^^^^^^^^^^^
  File "/Users/shauryakesarwani/lawline-ai/.venv/lib/python3.12/site-packages/transformers/__init__.py", line 862, in _getattr
    return getattr(importlib.import_module(target, __name__), name)
                   ^^^^^^^^^^^^^^^^^^^^^^^^^^^^^^^^^^^^^^^^^
  File "/opt/homebrew/Cellar/python@3.12/3.12.7_1/Frameworks/Python.framework/Versions/3.12/lib/python3.12/importlib/__init__.py", line 90, in import_module
    return _bootstrap._gcd_import(name[level:], package, level)
           ^^^^^^^^^^^^^^^^^^^^^^^^^^^^^^^^^^^^^^^^^^^^^^^^^^^^
  File "<frozen importlib._bootstrap>", line 1387, in _gcd_import
  File "<frozen importlib._bootstrap>", line 1360, in _find_and_load
  File "<frozen importlib._bootstrap>", line 1331, in _find_and_load_unlocked
  File "<frozen importlib._bootstrap>", line 935, in _load_unlocked
  File "<frozen importlib._bootstrap_external>", line 995, in exec_module
  File "<frozen importlib._bootstrap>", line 488, in _call_with_frames_removed
  File "/Users/shauryakesarwani/lawline-ai/.venv/lib/python3.12/site-packages/transformers/models/pp_doclayout_v2/image_processing_pp_doclayout_v2.py", line 23, in <module>
    from torchvision.transforms.v2 import functional as tvF
ModuleNotFoundError: No module named 'torchvision'
2026-08-21 16:03:07.693 Examining the path of transformers.models.pp_doclayout_v3.image_processing_pp_doclayout_v3_fast raised:
Traceback (most recent call last):
  File "/Users/shauryakesarwani/lawline-ai/.venv/lib/python3.12/site-packages/streamlit/watcher/local_sources_watcher.py", line 340, in get_module_paths
    potential_paths = extract_paths(module)
                      ^^^^^^^^^^^^^^^^^^^^^
  File "/Users/shauryakesarwani/lawline-ai/.venv/lib/python3.12/site-packages/streamlit/watcher/local_sources_watcher.py", line 327, in <lambda>
    if hasattr(m, "__path__")
       ^^^^^^^^^^^^^^^^^^^^^^
  File "/Users/shauryakesarwani/lawline-ai/.venv/lib/python3.12/site-packages/transformers/__init__.py", line 862, in _getattr
    return getattr(importlib.import_module(target, __name__), name)
                   ^^^^^^^^^^^^^^^^^^^^^^^^^^^^^^^^^^^^^^^^^
  File "/opt/homebrew/Cellar/python@3.12/3.12.7_1/Frameworks/Python.framework/Versions/3.12/lib/python3.12/importlib/__init__.py", line 90, in import_module
    return _bootstrap._gcd_import(name[level:], package, level)
           ^^^^^^^^^^^^^^^^^^^^^^^^^^^^^^^^^^^^^^^^^^^^^^^^^^^^
  File "<frozen importlib._bootstrap>", line 1387, in _gcd_import
  File "<frozen importlib._bootstrap>", line 1360, in _find_and_load
  File "<frozen importlib._bootstrap>", line 1331, in _find_and_load_unlocked
  File "<frozen importlib._bootstrap>", line 935, in _load_unlocked
  File "<frozen importlib._bootstrap_external>", line 995, in exec_module
  File "<frozen importlib._bootstrap>", line 488, in _call_with_frames_removed
  File "/Users/shauryakesarwani/lawline-ai/.venv/lib/python3.12/site-packages/transformers/models/pp_doclayout_v3/image_processing_pp_doclayout_v3.py", line 24, in <module>
    from torchvision.transforms.v2 import functional as tvF
ModuleNotFoundError: No module named 'torchvision'
2026-08-21 16:03:07.695 Examining the path of transformers.models.pp_formulanet.image_processing_pp_formulanet_fast raised:
Traceback (most recent call last):
  File "/Users/shauryakesarwani/lawline-ai/.venv/lib/python3.12/site-packages/streamlit/watcher/local_sources_watcher.py", line 340, in get_module_paths
    potential_paths = extract_paths(module)
                      ^^^^^^^^^^^^^^^^^^^^^
  File "/Users/shauryakesarwani/lawline-ai/.venv/lib/python3.12/site-packages/streamlit/watcher/local_sources_watcher.py", line 327, in <lambda>
    if hasattr(m, "__path__")
       ^^^^^^^^^^^^^^^^^^^^^^
  File "/Users/shauryakesarwani/lawline-ai/.venv/lib/python3.12/site-packages/transformers/__init__.py", line 862, in _getattr
    return getattr(importlib.import_module(target, __name__), name)
                   ^^^^^^^^^^^^^^^^^^^^^^^^^^^^^^^^^^^^^^^^^
  File "/opt/homebrew/Cellar/python@3.12/3.12.7_1/Frameworks/Python.framework/Versions/3.12/lib/python3.12/importlib/__init__.py", line 90, in import_module
    return _bootstrap._gcd_import(name[level:], package, level)
           ^^^^^^^^^^^^^^^^^^^^^^^^^^^^^^^^^^^^^^^^^^^^^^^^^^^^
  File "<frozen importlib._bootstrap>", line 1387, in _gcd_import
  File "<frozen importlib._bootstrap>", line 1360, in _find_and_load
  File "<frozen importlib._bootstrap>", line 1331, in _find_and_load_unlocked
  File "<frozen importlib._bootstrap>", line 935, in _load_unlocked
  File "<frozen importlib._bootstrap_external>", line 995, in exec_module
  File "<frozen importlib._bootstrap>", line 488, in _call_with_frames_removed
  File "/Users/shauryakesarwani/lawline-ai/.venv/lib/python3.12/site-packages/transformers/models/pp_formulanet/image_processing_pp_formulanet.py", line 23, in <module>
    from torchvision.transforms.v2 import functional as tvF
ModuleNotFoundError: No module named 'torchvision'
2026-08-21 16:03:07.696 Examining the path of transformers.models.pp_lcnet.image_processing_pp_lcnet_fast raised:
Traceback (most recent call last):
  File "/Users/shauryakesarwani/lawline-ai/.venv/lib/python3.12/site-packages/streamlit/watcher/local_sources_watcher.py", line 340, in get_module_paths
    potential_paths = extract_paths(module)
                      ^^^^^^^^^^^^^^^^^^^^^
  File "/Users/shauryakesarwani/lawline-ai/.venv/lib/python3.12/site-packages/streamlit/watcher/local_sources_watcher.py", line 327, in <lambda>
    if hasattr(m, "__path__")
       ^^^^^^^^^^^^^^^^^^^^^^
  File "/Users/shauryakesarwani/lawline-ai/.venv/lib/python3.12/site-packages/transformers/__init__.py", line 862, in _getattr
    return getattr(importlib.import_module(target, __name__), name)
                   ^^^^^^^^^^^^^^^^^^^^^^^^^^^^^^^^^^^^^^^^^
  File "/opt/homebrew/Cellar/python@3.12/3.12.7_1/Frameworks/Python.framework/Versions/3.12/lib/python3.12/importlib/__init__.py", line 90, in import_module
    return _bootstrap._gcd_import(name[level:], package, level)
           ^^^^^^^^^^^^^^^^^^^^^^^^^^^^^^^^^^^^^^^^^^^^^^^^^^^^
  File "<frozen importlib._bootstrap>", line 1387, in _gcd_import
  File "<frozen importlib._bootstrap>", line 1360, in _find_and_load
  File "<frozen importlib._bootstrap>", line 1331, in _find_and_load_unlocked
  File "<frozen importlib._bootstrap>", line 935, in _load_unlocked
  File "<frozen importlib._bootstrap_external>", line 995, in exec_module
  File "<frozen importlib._bootstrap>", line 488, in _call_with_frames_removed
  File "/Users/shauryakesarwani/lawline-ai/.venv/lib/python3.12/site-packages/transformers/models/pp_lcnet/image_processing_pp_lcnet.py", line 24, in <module>
    import torchvision.transforms.v2.functional as tvF
ModuleNotFoundError: No module named 'torchvision'
2026-08-21 16:03:07.698 Examining the path of transformers.models.pp_ocrv5_server_det.image_processing_pp_ocrv5_server_det_fast raised:
Traceback (most recent call last):
  File "/Users/shauryakesarwani/lawline-ai/.venv/lib/python3.12/site-packages/streamlit/watcher/local_sources_watcher.py", line 340, in get_module_paths
    potential_paths = extract_paths(module)
                      ^^^^^^^^^^^^^^^^^^^^^
  File "/Users/shauryakesarwani/lawline-ai/.venv/lib/python3.12/site-packages/streamlit/watcher/local_sources_watcher.py", line 327, in <lambda>
    if hasattr(m, "__path__")
       ^^^^^^^^^^^^^^^^^^^^^^
  File "/Users/shauryakesarwani/lawline-ai/.venv/lib/python3.12/site-packages/transformers/__init__.py", line 862, in _getattr
    return getattr(importlib.import_module(target, __name__), name)
                   ^^^^^^^^^^^^^^^^^^^^^^^^^^^^^^^^^^^^^^^^^
  File "/opt/homebrew/Cellar/python@3.12/3.12.7_1/Frameworks/Python.framework/Versions/3.12/lib/python3.12/importlib/__init__.py", line 90, in import_module
    return _bootstrap._gcd_import(name[level:], package, level)
           ^^^^^^^^^^^^^^^^^^^^^^^^^^^^^^^^^^^^^^^^^^^^^^^^^^^^
  File "<frozen importlib._bootstrap>", line 1387, in _gcd_import
  File "<frozen importlib._bootstrap>", line 1360, in _find_and_load
  File "<frozen importlib._bootstrap>", line 1331, in _find_and_load_unlocked
  File "<frozen importlib._bootstrap>", line 935, in _load_unlocked
  File "<frozen importlib._bootstrap_external>", line 995, in exec_module
  File "<frozen importlib._bootstrap>", line 488, in _call_with_frames_removed
  File "/Users/shauryakesarwani/lawline-ai/.venv/lib/python3.12/site-packages/transformers/models/pp_ocrv5_server_det/image_processing_pp_ocrv5_server_det.py", line 25, in <module>
    import torchvision.transforms.v2.functional as tvF
ModuleNotFoundError: No module named 'torchvision'
2026-08-21 16:03:07.699 Examining the path of transformers.models.pp_ocrv5_server_rec.image_processing_pp_ocrv5_server_rec_fast raised:
Traceback (most recent call last):
  File "/Users/shauryakesarwani/lawline-ai/.venv/lib/python3.12/site-packages/streamlit/watcher/local_sources_watcher.py", line 340, in get_module_paths
    potential_paths = extract_paths(module)
                      ^^^^^^^^^^^^^^^^^^^^^
  File "/Users/shauryakesarwani/lawline-ai/.venv/lib/python3.12/site-packages/streamlit/watcher/local_sources_watcher.py", line 327, in <lambda>
    if hasattr(m, "__path__")
       ^^^^^^^^^^^^^^^^^^^^^^
  File "/Users/shauryakesarwani/lawline-ai/.venv/lib/python3.12/site-packages/transformers/__init__.py", line 862, in _getattr
    return getattr(importlib.import_module(target, __name__), name)
                   ^^^^^^^^^^^^^^^^^^^^^^^^^^^^^^^^^^^^^^^^^
  File "/opt/homebrew/Cellar/python@3.12/3.12.7_1/Frameworks/Python.framework/Versions/3.12/lib/python3.12/importlib/__init__.py", line 90, in import_module
    return _bootstrap._gcd_import(name[level:], package, level)
           ^^^^^^^^^^^^^^^^^^^^^^^^^^^^^^^^^^^^^^^^^^^^^^^^^^^^
  File "<frozen importlib._bootstrap>", line 1387, in _gcd_import
  File "<frozen importlib._bootstrap>", line 1360, in _find_and_load
  File "<frozen importlib._bootstrap>", line 1331, in _find_and_load_unlocked
  File "<frozen importlib._bootstrap>", line 935, in _load_unlocked
  File "<frozen importlib._bootstrap_external>", line 995, in exec_module
  File "<frozen importlib._bootstrap>", line 488, in _call_with_frames_removed
  File "/Users/shauryakesarwani/lawline-ai/.venv/lib/python3.12/site-packages/transformers/models/pp_ocrv5_server_rec/image_processing_pp_ocrv5_server_rec.py", line 24, in <module>
    import torchvision.transforms.v2.functional as tvF
ModuleNotFoundError: No module named 'torchvision'
2026-08-21 16:03:07.701 Examining the path of transformers.models.pp_ocrv6_small_rec.image_processing_pp_ocrv6_small_rec_fast raised:
Traceback (most recent call last):
  File "/Users/shauryakesarwani/lawline-ai/.venv/lib/python3.12/site-packages/streamlit/watcher/local_sources_watcher.py", line 340, in get_module_paths
    potential_paths = extract_paths(module)
                      ^^^^^^^^^^^^^^^^^^^^^
  File "/Users/shauryakesarwani/lawline-ai/.venv/lib/python3.12/site-packages/streamlit/watcher/local_sources_watcher.py", line 327, in <lambda>
    if hasattr(m, "__path__")
       ^^^^^^^^^^^^^^^^^^^^^^
  File "/Users/shauryakesarwani/lawline-ai/.venv/lib/python3.12/site-packages/transformers/__init__.py", line 862, in _getattr
    return getattr(importlib.import_module(target, __name__), name)
                   ^^^^^^^^^^^^^^^^^^^^^^^^^^^^^^^^^^^^^^^^^
  File "/opt/homebrew/Cellar/python@3.12/3.12.7_1/Frameworks/Python.framework/Versions/3.12/lib/python3.12/importlib/__init__.py", line 90, in import_module
    return _bootstrap._gcd_import(name[level:], package, level)
           ^^^^^^^^^^^^^^^^^^^^^^^^^^^^^^^^^^^^^^^^^^^^^^^^^^^^
  File "<frozen importlib._bootstrap>", line 1387, in _gcd_import
  File "<frozen importlib._bootstrap>", line 1360, in _find_and_load
  File "<frozen importlib._bootstrap>", line 1331, in _find_and_load_unlocked
  File "<frozen importlib._bootstrap>", line 935, in _load_unlocked
  File "<frozen importlib._bootstrap_external>", line 995, in exec_module
  File "<frozen importlib._bootstrap>", line 488, in _call_with_frames_removed
  File "/Users/shauryakesarwani/lawline-ai/.venv/lib/python3.12/site-packages/transformers/models/pp_ocrv6_small_rec/image_processing_pp_ocrv6_small_rec.py", line 24, in <module>
    import torchvision.transforms.v2.functional as tvF
ModuleNotFoundError: No module named 'torchvision'
2026-08-21 16:03:07.705 Examining the path of transformers.models.prompt_depth_anything.image_processing_prompt_depth_anything_fast raised:
Traceback (most recent call last):
  File "/Users/shauryakesarwani/lawline-ai/.venv/lib/python3.12/site-packages/streamlit/watcher/local_sources_watcher.py", line 340, in get_module_paths
    potential_paths = extract_paths(module)
                      ^^^^^^^^^^^^^^^^^^^^^
  File "/Users/shauryakesarwani/lawline-ai/.venv/lib/python3.12/site-packages/streamlit/watcher/local_sources_watcher.py", line 327, in <lambda>
    if hasattr(m, "__path__")
       ^^^^^^^^^^^^^^^^^^^^^^
  File "/Users/shauryakesarwani/lawline-ai/.venv/lib/python3.12/site-packages/transformers/__init__.py", line 862, in _getattr
    return getattr(importlib.import_module(target, __name__), name)
                   ^^^^^^^^^^^^^^^^^^^^^^^^^^^^^^^^^^^^^^^^^
  File "/opt/homebrew/Cellar/python@3.12/3.12.7_1/Frameworks/Python.framework/Versions/3.12/lib/python3.12/importlib/__init__.py", line 90, in import_module
    return _bootstrap._gcd_import(name[level:], package, level)
           ^^^^^^^^^^^^^^^^^^^^^^^^^^^^^^^^^^^^^^^^^^^^^^^^^^^^
  File "<frozen importlib._bootstrap>", line 1387, in _gcd_import
  File "<frozen importlib._bootstrap>", line 1360, in _find_and_load
  File "<frozen importlib._bootstrap>", line 1331, in _find_and_load_unlocked
  File "<frozen importlib._bootstrap>", line 935, in _load_unlocked
  File "<frozen importlib._bootstrap_external>", line 995, in exec_module
  File "<frozen importlib._bootstrap>", line 488, in _call_with_frames_removed
  File "/Users/shauryakesarwani/lawline-ai/.venv/lib/python3.12/site-packages/transformers/models/prompt_depth_anything/image_processing_prompt_depth_anything.py", line 42, in <module>
    from torchvision.transforms.v2 import functional as tvF
ModuleNotFoundError: No module named 'torchvision'
2026-08-21 16:03:07.719 Examining the path of transformers.models.qwen2_vl.image_processing_qwen2_vl_fast raised:
Traceback (most recent call last):
  File "/Users/shauryakesarwani/lawline-ai/.venv/lib/python3.12/site-packages/streamlit/watcher/local_sources_watcher.py", line 340, in get_module_paths
    potential_paths = extract_paths(module)
                      ^^^^^^^^^^^^^^^^^^^^^
  File "/Users/shauryakesarwani/lawline-ai/.venv/lib/python3.12/site-packages/streamlit/watcher/local_sources_watcher.py", line 327, in <lambda>
    if hasattr(m, "__path__")
       ^^^^^^^^^^^^^^^^^^^^^^
  File "/Users/shauryakesarwani/lawline-ai/.venv/lib/python3.12/site-packages/transformers/__init__.py", line 862, in _getattr
    return getattr(importlib.import_module(target, __name__), name)
                   ^^^^^^^^^^^^^^^^^^^^^^^^^^^^^^^^^^^^^^^^^
  File "/opt/homebrew/Cellar/python@3.12/3.12.7_1/Frameworks/Python.framework/Versions/3.12/lib/python3.12/importlib/__init__.py", line 90, in import_module
    return _bootstrap._gcd_import(name[level:], package, level)
           ^^^^^^^^^^^^^^^^^^^^^^^^^^^^^^^^^^^^^^^^^^^^^^^^^^^^
  File "<frozen importlib._bootstrap>", line 1387, in _gcd_import
  File "<frozen importlib._bootstrap>", line 1360, in _find_and_load
  File "<frozen importlib._bootstrap>", line 1331, in _find_and_load_unlocked
  File "<frozen importlib._bootstrap>", line 935, in _load_unlocked
  File "<frozen importlib._bootstrap_external>", line 995, in exec_module
  File "<frozen importlib._bootstrap>", line 488, in _call_with_frames_removed
  File "/Users/shauryakesarwani/lawline-ai/.venv/lib/python3.12/site-packages/transformers/models/qwen2_vl/image_processing_qwen2_vl.py", line 25, in <module>
    from torchvision.transforms.v2 import functional as tvF
ModuleNotFoundError: No module named 'torchvision'
2026-08-21 16:03:07.721 Examining the path of transformers.models.rf_detr.image_processing_rf_detr_fast raised:
Traceback (most recent call last):
  File "/Users/shauryakesarwani/lawline-ai/.venv/lib/python3.12/site-packages/streamlit/watcher/local_sources_watcher.py", line 340, in get_module_paths
    potential_paths = extract_paths(module)
                      ^^^^^^^^^^^^^^^^^^^^^
  File "/Users/shauryakesarwani/lawline-ai/.venv/lib/python3.12/site-packages/streamlit/watcher/local_sources_watcher.py", line 327, in <lambda>
    if hasattr(m, "__path__")
       ^^^^^^^^^^^^^^^^^^^^^^
  File "/Users/shauryakesarwani/lawline-ai/.venv/lib/python3.12/site-packages/transformers/__init__.py", line 862, in _getattr
    return getattr(importlib.import_module(target, __name__), name)
                   ^^^^^^^^^^^^^^^^^^^^^^^^^^^^^^^^^^^^^^^^^
  File "/opt/homebrew/Cellar/python@3.12/3.12.7_1/Frameworks/Python.framework/Versions/3.12/lib/python3.12/importlib/__init__.py", line 90, in import_module
    return _bootstrap._gcd_import(name[level:], package, level)
           ^^^^^^^^^^^^^^^^^^^^^^^^^^^^^^^^^^^^^^^^^^^^^^^^^^^^
  File "<frozen importlib._bootstrap>", line 1387, in _gcd_import
  File "<frozen importlib._bootstrap>", line 1360, in _find_and_load
  File "<frozen importlib._bootstrap>", line 1331, in _find_and_load_unlocked
  File "<frozen importlib._bootstrap>", line 935, in _load_unlocked
  File "<frozen importlib._bootstrap_external>", line 995, in exec_module
  File "<frozen importlib._bootstrap>", line 488, in _call_with_frames_removed
  File "/Users/shauryakesarwani/lawline-ai/.venv/lib/python3.12/site-packages/transformers/models/rf_detr/image_processing_rf_detr.py", line 26, in <module>
    from torchvision.transforms.v2 import functional as tvF
ModuleNotFoundError: No module named 'torchvision'
2026-08-21 16:03:07.729 Examining the path of transformers.models.rt_detr.image_processing_rt_detr_fast raised:
Traceback (most recent call last):
  File "/Users/shauryakesarwani/lawline-ai/.venv/lib/python3.12/site-packages/streamlit/watcher/local_sources_watcher.py", line 340, in get_module_paths
    potential_paths = extract_paths(module)
                      ^^^^^^^^^^^^^^^^^^^^^
  File "/Users/shauryakesarwani/lawline-ai/.venv/lib/python3.12/site-packages/streamlit/watcher/local_sources_watcher.py", line 327, in <lambda>
    if hasattr(m, "__path__")
       ^^^^^^^^^^^^^^^^^^^^^^
  File "/Users/shauryakesarwani/lawline-ai/.venv/lib/python3.12/site-packages/transformers/__init__.py", line 862, in _getattr
    return getattr(importlib.import_module(target, __name__), name)
                   ^^^^^^^^^^^^^^^^^^^^^^^^^^^^^^^^^^^^^^^^^
  File "/opt/homebrew/Cellar/python@3.12/3.12.7_1/Frameworks/Python.framework/Versions/3.12/lib/python3.12/importlib/__init__.py", line 90, in import_module
    return _bootstrap._gcd_import(name[level:], package, level)
           ^^^^^^^^^^^^^^^^^^^^^^^^^^^^^^^^^^^^^^^^^^^^^^^^^^^^
  File "<frozen importlib._bootstrap>", line 1387, in _gcd_import
  File "<frozen importlib._bootstrap>", line 1360, in _find_and_load
  File "<frozen importlib._bootstrap>", line 1331, in _find_and_load_unlocked
  File "<frozen importlib._bootstrap>", line 935, in _load_unlocked
  File "<frozen importlib._bootstrap_external>", line 995, in exec_module
  File "<frozen importlib._bootstrap>", line 488, in _call_with_frames_removed
  File "/Users/shauryakesarwani/lawline-ai/.venv/lib/python3.12/site-packages/transformers/models/rt_detr/image_processing_rt_detr.py", line 24, in <module>
    from torchvision.transforms.v2 import functional as tvF
ModuleNotFoundError: No module named 'torchvision'
2026-08-21 16:03:07.737 Examining the path of transformers.models.sam.image_processing_sam_fast raised:
Traceback (most recent call last):
  File "/Users/shauryakesarwani/lawline-ai/.venv/lib/python3.12/site-packages/streamlit/watcher/local_sources_watcher.py", line 340, in get_module_paths
    potential_paths = extract_paths(module)
                      ^^^^^^^^^^^^^^^^^^^^^
  File "/Users/shauryakesarwani/lawline-ai/.venv/lib/python3.12/site-packages/streamlit/watcher/local_sources_watcher.py", line 327, in <lambda>
    if hasattr(m, "__path__")
       ^^^^^^^^^^^^^^^^^^^^^^
  File "/Users/shauryakesarwani/lawline-ai/.venv/lib/python3.12/site-packages/transformers/__init__.py", line 862, in _getattr
    return getattr(importlib.import_module(target, __name__), name)
                   ^^^^^^^^^^^^^^^^^^^^^^^^^^^^^^^^^^^^^^^^^
  File "/opt/homebrew/Cellar/python@3.12/3.12.7_1/Frameworks/Python.framework/Versions/3.12/lib/python3.12/importlib/__init__.py", line 90, in import_module
    return _bootstrap._gcd_import(name[level:], package, level)
           ^^^^^^^^^^^^^^^^^^^^^^^^^^^^^^^^^^^^^^^^^^^^^^^^^^^^
  File "<frozen importlib._bootstrap>", line 1387, in _gcd_import
  File "<frozen importlib._bootstrap>", line 1360, in _find_and_load
  File "<frozen importlib._bootstrap>", line 1331, in _find_and_load_unlocked
  File "<frozen importlib._bootstrap>", line 935, in _load_unlocked
  File "<frozen importlib._bootstrap_external>", line 995, in exec_module
  File "<frozen importlib._bootstrap>", line 488, in _call_with_frames_removed
  File "/Users/shauryakesarwani/lawline-ai/.venv/lib/python3.12/site-packages/transformers/models/sam/image_processing_sam.py", line 25, in <module>
    from torchvision.ops.boxes import batched_nms
ModuleNotFoundError: No module named 'torchvision'
2026-08-21 16:03:07.740 Examining the path of transformers.models.sam2.image_processing_sam2_fast raised:
Traceback (most recent call last):
  File "/Users/shauryakesarwani/lawline-ai/.venv/lib/python3.12/site-packages/streamlit/watcher/local_sources_watcher.py", line 340, in get_module_paths
    potential_paths = extract_paths(module)
                      ^^^^^^^^^^^^^^^^^^^^^
  File "/Users/shauryakesarwani/lawline-ai/.venv/lib/python3.12/site-packages/streamlit/watcher/local_sources_watcher.py", line 327, in <lambda>
    if hasattr(m, "__path__")
       ^^^^^^^^^^^^^^^^^^^^^^
  File "/Users/shauryakesarwani/lawline-ai/.venv/lib/python3.12/site-packages/transformers/__init__.py", line 862, in _getattr
    return getattr(importlib.import_module(target, __name__), name)
                   ^^^^^^^^^^^^^^^^^^^^^^^^^^^^^^^^^^^^^^^^^
  File "/opt/homebrew/Cellar/python@3.12/3.12.7_1/Frameworks/Python.framework/Versions/3.12/lib/python3.12/importlib/__init__.py", line 90, in import_module
    return _bootstrap._gcd_import(name[level:], package, level)
           ^^^^^^^^^^^^^^^^^^^^^^^^^^^^^^^^^^^^^^^^^^^^^^^^^^^^
  File "<frozen importlib._bootstrap>", line 1387, in _gcd_import
  File "<frozen importlib._bootstrap>", line 1360, in _find_and_load
  File "<frozen importlib._bootstrap>", line 1331, in _find_and_load_unlocked
  File "<frozen importlib._bootstrap>", line 935, in _load_unlocked
  File "<frozen importlib._bootstrap_external>", line 995, in exec_module
  File "<frozen importlib._bootstrap>", line 488, in _call_with_frames_removed
  File "/Users/shauryakesarwani/lawline-ai/.venv/lib/python3.12/site-packages/transformers/models/sam2/image_processing_sam2.py", line 28, in <module>
    from torchvision.ops.boxes import batched_nms
ModuleNotFoundError: No module named 'torchvision'
2026-08-21 16:03:07.743 Examining the path of transformers.models.sam3.image_processing_sam3_fast raised:
Traceback (most recent call last):
  File "/Users/shauryakesarwani/lawline-ai/.venv/lib/python3.12/site-packages/streamlit/watcher/local_sources_watcher.py", line 340, in get_module_paths
    potential_paths = extract_paths(module)
                      ^^^^^^^^^^^^^^^^^^^^^
  File "/Users/shauryakesarwani/lawline-ai/.venv/lib/python3.12/site-packages/streamlit/watcher/local_sources_watcher.py", line 327, in <lambda>
    if hasattr(m, "__path__")
       ^^^^^^^^^^^^^^^^^^^^^^
  File "/Users/shauryakesarwani/lawline-ai/.venv/lib/python3.12/site-packages/transformers/__init__.py", line 862, in _getattr
    return getattr(importlib.import_module(target, __name__), name)
                   ^^^^^^^^^^^^^^^^^^^^^^^^^^^^^^^^^^^^^^^^^
  File "/opt/homebrew/Cellar/python@3.12/3.12.7_1/Frameworks/Python.framework/Versions/3.12/lib/python3.12/importlib/__init__.py", line 90, in import_module
    return _bootstrap._gcd_import(name[level:], package, level)
           ^^^^^^^^^^^^^^^^^^^^^^^^^^^^^^^^^^^^^^^^^^^^^^^^^^^^
  File "<frozen importlib._bootstrap>", line 1387, in _gcd_import
  File "<frozen importlib._bootstrap>", line 1360, in _find_and_load
  File "<frozen importlib._bootstrap>", line 1331, in _find_and_load_unlocked
  File "<frozen importlib._bootstrap>", line 935, in _load_unlocked
  File "<frozen importlib._bootstrap_external>", line 995, in exec_module
  File "<frozen importlib._bootstrap>", line 488, in _call_with_frames_removed
  File "/Users/shauryakesarwani/lawline-ai/.venv/lib/python3.12/site-packages/transformers/models/sam3/image_processing_sam3.py", line 30, in <module>
    from torchvision.ops.boxes import batched_nms
ModuleNotFoundError: No module named 'torchvision'
2026-08-21 16:03:07.746 Examining the path of transformers.models.sapiens2.image_processing_sapiens2_fast raised:
Traceback (most recent call last):
  File "/Users/shauryakesarwani/lawline-ai/.venv/lib/python3.12/site-packages/streamlit/watcher/local_sources_watcher.py", line 340, in get_module_paths
    potential_paths = extract_paths(module)
                      ^^^^^^^^^^^^^^^^^^^^^
  File "/Users/shauryakesarwani/lawline-ai/.venv/lib/python3.12/site-packages/streamlit/watcher/local_sources_watcher.py", line 327, in <lambda>
    if hasattr(m, "__path__")
       ^^^^^^^^^^^^^^^^^^^^^^
  File "/Users/shauryakesarwani/lawline-ai/.venv/lib/python3.12/site-packages/transformers/__init__.py", line 862, in _getattr
    return getattr(importlib.import_module(target, __name__), name)
                   ^^^^^^^^^^^^^^^^^^^^^^^^^^^^^^^^^^^^^^^^^
  File "/opt/homebrew/Cellar/python@3.12/3.12.7_1/Frameworks/Python.framework/Versions/3.12/lib/python3.12/importlib/__init__.py", line 90, in import_module
    return _bootstrap._gcd_import(name[level:], package, level)
           ^^^^^^^^^^^^^^^^^^^^^^^^^^^^^^^^^^^^^^^^^^^^^^^^^^^^
  File "<frozen importlib._bootstrap>", line 1387, in _gcd_import
  File "<frozen importlib._bootstrap>", line 1360, in _find_and_load
  File "<frozen importlib._bootstrap>", line 1331, in _find_and_load_unlocked
  File "<frozen importlib._bootstrap>", line 935, in _load_unlocked
  File "<frozen importlib._bootstrap_external>", line 995, in exec_module
  File "<frozen importlib._bootstrap>", line 488, in _call_with_frames_removed
  File "/Users/shauryakesarwani/lawline-ai/.venv/lib/python3.12/site-packages/transformers/models/sapiens2/image_processing_sapiens2.py", line 23, in <module>
    from torchvision.transforms.v2 import functional as tvF
ModuleNotFoundError: No module named 'torchvision'
2026-08-21 16:03:07.752 Examining the path of transformers.models.segformer.image_processing_segformer_fast raised:
Traceback (most recent call last):
  File "/Users/shauryakesarwani/lawline-ai/.venv/lib/python3.12/site-packages/streamlit/watcher/local_sources_watcher.py", line 340, in get_module_paths
    potential_paths = extract_paths(module)
                      ^^^^^^^^^^^^^^^^^^^^^
  File "/Users/shauryakesarwani/lawline-ai/.venv/lib/python3.12/site-packages/streamlit/watcher/local_sources_watcher.py", line 327, in <lambda>
    if hasattr(m, "__path__")
       ^^^^^^^^^^^^^^^^^^^^^^
  File "/Users/shauryakesarwani/lawline-ai/.venv/lib/python3.12/site-packages/transformers/__init__.py", line 862, in _getattr
    return getattr(importlib.import_module(target, __name__), name)
                   ^^^^^^^^^^^^^^^^^^^^^^^^^^^^^^^^^^^^^^^^^
  File "/opt/homebrew/Cellar/python@3.12/3.12.7_1/Frameworks/Python.framework/Versions/3.12/lib/python3.12/importlib/__init__.py", line 90, in import_module
    return _bootstrap._gcd_import(name[level:], package, level)
           ^^^^^^^^^^^^^^^^^^^^^^^^^^^^^^^^^^^^^^^^^^^^^^^^^^^^
  File "<frozen importlib._bootstrap>", line 1387, in _gcd_import
  File "<frozen importlib._bootstrap>", line 1360, in _find_and_load
  File "<frozen importlib._bootstrap>", line 1331, in _find_and_load_unlocked
  File "<frozen importlib._bootstrap>", line 935, in _load_unlocked
  File "<frozen importlib._bootstrap_external>", line 995, in exec_module
  File "<frozen importlib._bootstrap>", line 488, in _call_with_frames_removed
  File "/Users/shauryakesarwani/lawline-ai/.venv/lib/python3.12/site-packages/transformers/models/segformer/image_processing_segformer.py", line 25, in <module>
    import torchvision.transforms.v2.functional as tvF
ModuleNotFoundError: No module named 'torchvision'
2026-08-21 16:03:07.757 Examining the path of transformers.models.seggpt.image_processing_seggpt_fast raised:
Traceback (most recent call last):
  File "/Users/shauryakesarwani/lawline-ai/.venv/lib/python3.12/site-packages/streamlit/watcher/local_sources_watcher.py", line 340, in get_module_paths
    potential_paths = extract_paths(module)
                      ^^^^^^^^^^^^^^^^^^^^^
  File "/Users/shauryakesarwani/lawline-ai/.venv/lib/python3.12/site-packages/streamlit/watcher/local_sources_watcher.py", line 327, in <lambda>
    if hasattr(m, "__path__")
       ^^^^^^^^^^^^^^^^^^^^^^
  File "/Users/shauryakesarwani/lawline-ai/.venv/lib/python3.12/site-packages/transformers/__init__.py", line 862, in _getattr
    return getattr(importlib.import_module(target, __name__), name)
                   ^^^^^^^^^^^^^^^^^^^^^^^^^^^^^^^^^^^^^^^^^
  File "/opt/homebrew/Cellar/python@3.12/3.12.7_1/Frameworks/Python.framework/Versions/3.12/lib/python3.12/importlib/__init__.py", line 90, in import_module
    return _bootstrap._gcd_import(name[level:], package, level)
           ^^^^^^^^^^^^^^^^^^^^^^^^^^^^^^^^^^^^^^^^^^^^^^^^^^^^
  File "<frozen importlib._bootstrap>", line 1387, in _gcd_import
  File "<frozen importlib._bootstrap>", line 1360, in _find_and_load
  File "<frozen importlib._bootstrap>", line 1331, in _find_and_load_unlocked
  File "<frozen importlib._bootstrap>", line 935, in _load_unlocked
  File "<frozen importlib._bootstrap_external>", line 995, in exec_module
  File "<frozen importlib._bootstrap>", line 488, in _call_with_frames_removed
  File "/Users/shauryakesarwani/lawline-ai/.venv/lib/python3.12/site-packages/transformers/models/seggpt/image_processing_seggpt.py", line 20, in <module>
    from torchvision.transforms.v2 import functional as tvF
ModuleNotFoundError: No module named 'torchvision'
2026-08-21 16:03:07.771 Examining the path of transformers.models.siglip2.image_processing_siglip2_fast raised:
Traceback (most recent call last):
  File "/Users/shauryakesarwani/lawline-ai/.venv/lib/python3.12/site-packages/streamlit/watcher/local_sources_watcher.py", line 340, in get_module_paths
    potential_paths = extract_paths(module)
                      ^^^^^^^^^^^^^^^^^^^^^
  File "/Users/shauryakesarwani/lawline-ai/.venv/lib/python3.12/site-packages/streamlit/watcher/local_sources_watcher.py", line 327, in <lambda>
    if hasattr(m, "__path__")
       ^^^^^^^^^^^^^^^^^^^^^^
  File "/Users/shauryakesarwani/lawline-ai/.venv/lib/python3.12/site-packages/transformers/__init__.py", line 862, in _getattr
    return getattr(importlib.import_module(target, __name__), name)
                   ^^^^^^^^^^^^^^^^^^^^^^^^^^^^^^^^^^^^^^^^^
  File "/opt/homebrew/Cellar/python@3.12/3.12.7_1/Frameworks/Python.framework/Versions/3.12/lib/python3.12/importlib/__init__.py", line 90, in import_module
    return _bootstrap._gcd_import(name[level:], package, level)
           ^^^^^^^^^^^^^^^^^^^^^^^^^^^^^^^^^^^^^^^^^^^^^^^^^^^^
  File "<frozen importlib._bootstrap>", line 1387, in _gcd_import
  File "<frozen importlib._bootstrap>", line 1360, in _find_and_load
  File "<frozen importlib._bootstrap>", line 1331, in _find_and_load_unlocked
  File "<frozen importlib._bootstrap>", line 935, in _load_unlocked
  File "<frozen importlib._bootstrap_external>", line 995, in exec_module
  File "<frozen importlib._bootstrap>", line 488, in _call_with_frames_removed
  File "/Users/shauryakesarwani/lawline-ai/.venv/lib/python3.12/site-packages/transformers/models/siglip2/image_processing_siglip2.py", line 17, in <module>
    from torchvision.transforms.v2 import functional as tvF
ModuleNotFoundError: No module named 'torchvision'
2026-08-21 16:03:07.773 Examining the path of transformers.models.slanext.image_processing_slanext_fast raised:
Traceback (most recent call last):
  File "/Users/shauryakesarwani/lawline-ai/.venv/lib/python3.12/site-packages/streamlit/watcher/local_sources_watcher.py", line 340, in get_module_paths
    potential_paths = extract_paths(module)
                      ^^^^^^^^^^^^^^^^^^^^^
  File "/Users/shauryakesarwani/lawline-ai/.venv/lib/python3.12/site-packages/streamlit/watcher/local_sources_watcher.py", line 327, in <lambda>
    if hasattr(m, "__path__")
       ^^^^^^^^^^^^^^^^^^^^^^
  File "/Users/shauryakesarwani/lawline-ai/.venv/lib/python3.12/site-packages/transformers/__init__.py", line 862, in _getattr
    return getattr(importlib.import_module(target, __name__), name)
                   ^^^^^^^^^^^^^^^^^^^^^^^^^^^^^^^^^^^^^^^^^
  File "/opt/homebrew/Cellar/python@3.12/3.12.7_1/Frameworks/Python.framework/Versions/3.12/lib/python3.12/importlib/__init__.py", line 90, in import_module
    return _bootstrap._gcd_import(name[level:], package, level)
           ^^^^^^^^^^^^^^^^^^^^^^^^^^^^^^^^^^^^^^^^^^^^^^^^^^^^
  File "<frozen importlib._bootstrap>", line 1387, in _gcd_import
  File "<frozen importlib._bootstrap>", line 1360, in _find_and_load
  File "<frozen importlib._bootstrap>", line 1331, in _find_and_load_unlocked
  File "<frozen importlib._bootstrap>", line 935, in _load_unlocked
  File "<frozen importlib._bootstrap_external>", line 995, in exec_module
  File "<frozen importlib._bootstrap>", line 488, in _call_with_frames_removed
  File "/Users/shauryakesarwani/lawline-ai/.venv/lib/python3.12/site-packages/transformers/models/slanext/image_processing_slanext.py", line 23, in <module>
    import torchvision.transforms.v2.functional as tvF
ModuleNotFoundError: No module named 'torchvision'
2026-08-21 16:03:07.779 Examining the path of transformers.models.smolvlm.image_processing_smolvlm_fast raised:
Traceback (most recent call last):
  File "/Users/shauryakesarwani/lawline-ai/.venv/lib/python3.12/site-packages/streamlit/watcher/local_sources_watcher.py", line 340, in get_module_paths
    potential_paths = extract_paths(module)
                      ^^^^^^^^^^^^^^^^^^^^^
  File "/Users/shauryakesarwani/lawline-ai/.venv/lib/python3.12/site-packages/streamlit/watcher/local_sources_watcher.py", line 327, in <lambda>
    if hasattr(m, "__path__")
       ^^^^^^^^^^^^^^^^^^^^^^
  File "/Users/shauryakesarwani/lawline-ai/.venv/lib/python3.12/site-packages/transformers/__init__.py", line 862, in _getattr
    return getattr(importlib.import_module(target, __name__), name)
                   ^^^^^^^^^^^^^^^^^^^^^^^^^^^^^^^^^^^^^^^^^
  File "/opt/homebrew/Cellar/python@3.12/3.12.7_1/Frameworks/Python.framework/Versions/3.12/lib/python3.12/importlib/__init__.py", line 90, in import_module
    return _bootstrap._gcd_import(name[level:], package, level)
           ^^^^^^^^^^^^^^^^^^^^^^^^^^^^^^^^^^^^^^^^^^^^^^^^^^^^
  File "<frozen importlib._bootstrap>", line 1387, in _gcd_import
  File "<frozen importlib._bootstrap>", line 1360, in _find_and_load
  File "<frozen importlib._bootstrap>", line 1331, in _find_and_load_unlocked
  File "<frozen importlib._bootstrap>", line 935, in _load_unlocked
  File "<frozen importlib._bootstrap_external>", line 995, in exec_module
  File "<frozen importlib._bootstrap>", line 488, in _call_with_frames_removed
  File "/Users/shauryakesarwani/lawline-ai/.venv/lib/python3.12/site-packages/transformers/models/smolvlm/image_processing_smolvlm.py", line 27, in <module>
    from torchvision.transforms.v2 import functional as tvF
ModuleNotFoundError: No module named 'torchvision'
2026-08-21 16:03:07.784 Examining the path of transformers.models.superglue.image_processing_superglue_fast raised:
Traceback (most recent call last):
  File "/Users/shauryakesarwani/lawline-ai/.venv/lib/python3.12/site-packages/streamlit/watcher/local_sources_watcher.py", line 340, in get_module_paths
    potential_paths = extract_paths(module)
                      ^^^^^^^^^^^^^^^^^^^^^
  File "/Users/shauryakesarwani/lawline-ai/.venv/lib/python3.12/site-packages/streamlit/watcher/local_sources_watcher.py", line 327, in <lambda>
    if hasattr(m, "__path__")
       ^^^^^^^^^^^^^^^^^^^^^^
  File "/Users/shauryakesarwani/lawline-ai/.venv/lib/python3.12/site-packages/transformers/__init__.py", line 862, in _getattr
    return getattr(importlib.import_module(target, __name__), name)
                   ^^^^^^^^^^^^^^^^^^^^^^^^^^^^^^^^^^^^^^^^^
  File "/opt/homebrew/Cellar/python@3.12/3.12.7_1/Frameworks/Python.framework/Versions/3.12/lib/python3.12/importlib/__init__.py", line 90, in import_module
    return _bootstrap._gcd_import(name[level:], package, level)
           ^^^^^^^^^^^^^^^^^^^^^^^^^^^^^^^^^^^^^^^^^^^^^^^^^^^^
  File "<frozen importlib._bootstrap>", line 1387, in _gcd_import
  File "<frozen importlib._bootstrap>", line 1360, in _find_and_load
  File "<frozen importlib._bootstrap>", line 1331, in _find_and_load_unlocked
  File "<frozen importlib._bootstrap>", line 935, in _load_unlocked
  File "<frozen importlib._bootstrap_external>", line 995, in exec_module
  File "<frozen importlib._bootstrap>", line 488, in _call_with_frames_removed
  File "/Users/shauryakesarwani/lawline-ai/.venv/lib/python3.12/site-packages/transformers/models/superglue/image_processing_superglue.py", line 47, in <module>
    from torchvision.transforms.v2 import functional as tvF
ModuleNotFoundError: No module named 'torchvision'
2026-08-21 16:03:07.785 Examining the path of transformers.models.superpoint.image_processing_superpoint_fast raised:
Traceback (most recent call last):
  File "/Users/shauryakesarwani/lawline-ai/.venv/lib/python3.12/site-packages/streamlit/watcher/local_sources_watcher.py", line 340, in get_module_paths
    potential_paths = extract_paths(module)
                      ^^^^^^^^^^^^^^^^^^^^^
  File "/Users/shauryakesarwani/lawline-ai/.venv/lib/python3.12/site-packages/streamlit/watcher/local_sources_watcher.py", line 327, in <lambda>
    if hasattr(m, "__path__")
       ^^^^^^^^^^^^^^^^^^^^^^
  File "/Users/shauryakesarwani/lawline-ai/.venv/lib/python3.12/site-packages/transformers/__init__.py", line 862, in _getattr
    return getattr(importlib.import_module(target, __name__), name)
                   ^^^^^^^^^^^^^^^^^^^^^^^^^^^^^^^^^^^^^^^^^
  File "/opt/homebrew/Cellar/python@3.12/3.12.7_1/Frameworks/Python.framework/Versions/3.12/lib/python3.12/importlib/__init__.py", line 90, in import_module
    return _bootstrap._gcd_import(name[level:], package, level)
           ^^^^^^^^^^^^^^^^^^^^^^^^^^^^^^^^^^^^^^^^^^^^^^^^^^^^
  File "<frozen importlib._bootstrap>", line 1387, in _gcd_import
  File "<frozen importlib._bootstrap>", line 1360, in _find_and_load
  File "<frozen importlib._bootstrap>", line 1331, in _find_and_load_unlocked
  File "<frozen importlib._bootstrap>", line 935, in _load_unlocked
  File "<frozen importlib._bootstrap_external>", line 995, in exec_module
  File "<frozen importlib._bootstrap>", line 488, in _call_with_frames_removed
  File "/Users/shauryakesarwani/lawline-ai/.venv/lib/python3.12/site-packages/transformers/models/superpoint/image_processing_superpoint.py", line 31, in <module>
    from torchvision.transforms.v2 import functional as tvF
ModuleNotFoundError: No module named 'torchvision'
2026-08-21 16:03:07.789 Examining the path of transformers.models.swin2sr.image_processing_swin2sr_fast raised:
Traceback (most recent call last):
  File "/Users/shauryakesarwani/lawline-ai/.venv/lib/python3.12/site-packages/streamlit/watcher/local_sources_watcher.py", line 340, in get_module_paths
    potential_paths = extract_paths(module)
                      ^^^^^^^^^^^^^^^^^^^^^
  File "/Users/shauryakesarwani/lawline-ai/.venv/lib/python3.12/site-packages/streamlit/watcher/local_sources_watcher.py", line 327, in <lambda>
    if hasattr(m, "__path__")
       ^^^^^^^^^^^^^^^^^^^^^^
  File "/Users/shauryakesarwani/lawline-ai/.venv/lib/python3.12/site-packages/transformers/__init__.py", line 862, in _getattr
    return getattr(importlib.import_module(target, __name__), name)
                   ^^^^^^^^^^^^^^^^^^^^^^^^^^^^^^^^^^^^^^^^^
  File "/opt/homebrew/Cellar/python@3.12/3.12.7_1/Frameworks/Python.framework/Versions/3.12/lib/python3.12/importlib/__init__.py", line 90, in import_module
    return _bootstrap._gcd_import(name[level:], package, level)
           ^^^^^^^^^^^^^^^^^^^^^^^^^^^^^^^^^^^^^^^^^^^^^^^^^^^^
  File "<frozen importlib._bootstrap>", line 1387, in _gcd_import
  File "<frozen importlib._bootstrap>", line 1360, in _find_and_load
  File "<frozen importlib._bootstrap>", line 1331, in _find_and_load_unlocked
  File "<frozen importlib._bootstrap>", line 935, in _load_unlocked
  File "<frozen importlib._bootstrap_external>", line 995, in exec_module
  File "<frozen importlib._bootstrap>", line 488, in _call_with_frames_removed
  File "/Users/shauryakesarwani/lawline-ai/.venv/lib/python3.12/site-packages/transformers/models/swin2sr/image_processing_swin2sr.py", line 17, in <module>
    from torchvision.transforms.v2 import functional as tvF
ModuleNotFoundError: No module named 'torchvision'
2026-08-21 16:03:07.793 Examining the path of transformers.models.textnet.image_processing_textnet_fast raised:
Traceback (most recent call last):
  File "/Users/shauryakesarwani/lawline-ai/.venv/lib/python3.12/site-packages/streamlit/watcher/local_sources_watcher.py", line 340, in get_module_paths
    potential_paths = extract_paths(module)
                      ^^^^^^^^^^^^^^^^^^^^^
  File "/Users/shauryakesarwani/lawline-ai/.venv/lib/python3.12/site-packages/streamlit/watcher/local_sources_watcher.py", line 327, in <lambda>
    if hasattr(m, "__path__")
       ^^^^^^^^^^^^^^^^^^^^^^
  File "/Users/shauryakesarwani/lawline-ai/.venv/lib/python3.12/site-packages/transformers/__init__.py", line 862, in _getattr
    return getattr(importlib.import_module(target, __name__), name)
                   ^^^^^^^^^^^^^^^^^^^^^^^^^^^^^^^^^^^^^^^^^
  File "/opt/homebrew/Cellar/python@3.12/3.12.7_1/Frameworks/Python.framework/Versions/3.12/lib/python3.12/importlib/__init__.py", line 90, in import_module
    return _bootstrap._gcd_import(name[level:], package, level)
           ^^^^^^^^^^^^^^^^^^^^^^^^^^^^^^^^^^^^^^^^^^^^^^^^^^^^
  File "<frozen importlib._bootstrap>", line 1387, in _gcd_import
  File "<frozen importlib._bootstrap>", line 1360, in _find_and_load
  File "<frozen importlib._bootstrap>", line 1331, in _find_and_load_unlocked
  File "<frozen importlib._bootstrap>", line 935, in _load_unlocked
  File "<frozen importlib._bootstrap_external>", line 995, in exec_module
  File "<frozen importlib._bootstrap>", line 488, in _call_with_frames_removed
  File "/Users/shauryakesarwani/lawline-ai/.venv/lib/python3.12/site-packages/transformers/models/textnet/image_processing_textnet.py", line 17, in <module>
    from torchvision.transforms.v2 import functional as tvF
ModuleNotFoundError: No module named 'torchvision'
2026-08-21 16:03:07.804 Examining the path of transformers.models.tvp.image_processing_tvp_fast raised:
Traceback (most recent call last):
  File "/Users/shauryakesarwani/lawline-ai/.venv/lib/python3.12/site-packages/streamlit/watcher/local_sources_watcher.py", line 340, in get_module_paths
    potential_paths = extract_paths(module)
                      ^^^^^^^^^^^^^^^^^^^^^
  File "/Users/shauryakesarwani/lawline-ai/.venv/lib/python3.12/site-packages/streamlit/watcher/local_sources_watcher.py", line 327, in <lambda>
    if hasattr(m, "__path__")
       ^^^^^^^^^^^^^^^^^^^^^^
  File "/Users/shauryakesarwani/lawline-ai/.venv/lib/python3.12/site-packages/transformers/__init__.py", line 862, in _getattr
    return getattr(importlib.import_module(target, __name__), name)
                   ^^^^^^^^^^^^^^^^^^^^^^^^^^^^^^^^^^^^^^^^^
  File "/opt/homebrew/Cellar/python@3.12/3.12.7_1/Frameworks/Python.framework/Versions/3.12/lib/python3.12/importlib/__init__.py", line 90, in import_module
    return _bootstrap._gcd_import(name[level:], package, level)
           ^^^^^^^^^^^^^^^^^^^^^^^^^^^^^^^^^^^^^^^^^^^^^^^^^^^^
  File "<frozen importlib._bootstrap>", line 1387, in _gcd_import
  File "<frozen importlib._bootstrap>", line 1360, in _find_and_load
  File "<frozen importlib._bootstrap>", line 1331, in _find_and_load_unlocked
  File "<frozen importlib._bootstrap>", line 935, in _load_unlocked
  File "<frozen importlib._bootstrap_external>", line 995, in exec_module
  File "<frozen importlib._bootstrap>", line 488, in _call_with_frames_removed
  File "/Users/shauryakesarwani/lawline-ai/.venv/lib/python3.12/site-packages/transformers/models/tvp/image_processing_tvp.py", line 17, in <module>
    from torchvision.transforms.v2 import functional as tvF
ModuleNotFoundError: No module named 'torchvision'
2026-08-21 16:03:07.815 Examining the path of transformers.models.video_llama_3.image_processing_video_llama_3_fast raised:
Traceback (most recent call last):
  File "/Users/shauryakesarwani/lawline-ai/.venv/lib/python3.12/site-packages/streamlit/watcher/local_sources_watcher.py", line 340, in get_module_paths
    potential_paths = extract_paths(module)
                      ^^^^^^^^^^^^^^^^^^^^^
  File "/Users/shauryakesarwani/lawline-ai/.venv/lib/python3.12/site-packages/streamlit/watcher/local_sources_watcher.py", line 327, in <lambda>
    if hasattr(m, "__path__")
       ^^^^^^^^^^^^^^^^^^^^^^
  File "/Users/shauryakesarwani/lawline-ai/.venv/lib/python3.12/site-packages/transformers/__init__.py", line 862, in _getattr
    return getattr(importlib.import_module(target, __name__), name)
                   ^^^^^^^^^^^^^^^^^^^^^^^^^^^^^^^^^^^^^^^^^
  File "/opt/homebrew/Cellar/python@3.12/3.12.7_1/Frameworks/Python.framework/Versions/3.12/lib/python3.12/importlib/__init__.py", line 90, in import_module
    return _bootstrap._gcd_import(name[level:], package, level)
           ^^^^^^^^^^^^^^^^^^^^^^^^^^^^^^^^^^^^^^^^^^^^^^^^^^^^
  File "<frozen importlib._bootstrap>", line 1387, in _gcd_import
  File "<frozen importlib._bootstrap>", line 1360, in _find_and_load
  File "<frozen importlib._bootstrap>", line 1331, in _find_and_load_unlocked
  File "<frozen importlib._bootstrap>", line 935, in _load_unlocked
  File "<frozen importlib._bootstrap_external>", line 995, in exec_module
  File "<frozen importlib._bootstrap>", line 488, in _call_with_frames_removed
  File "/Users/shauryakesarwani/lawline-ai/.venv/lib/python3.12/site-packages/transformers/models/video_llama_3/image_processing_video_llama_3.py", line 24, in <module>
    import torchvision.transforms.v2.functional as tvF
ModuleNotFoundError: No module named 'torchvision'
2026-08-21 16:03:07.826 Examining the path of transformers.models.videomae.image_processing_videomae_fast raised:
Traceback (most recent call last):
  File "/Users/shauryakesarwani/lawline-ai/.venv/lib/python3.12/site-packages/streamlit/watcher/local_sources_watcher.py", line 340, in get_module_paths
    potential_paths = extract_paths(module)
                      ^^^^^^^^^^^^^^^^^^^^^
  File "/Users/shauryakesarwani/lawline-ai/.venv/lib/python3.12/site-packages/streamlit/watcher/local_sources_watcher.py", line 327, in <lambda>
    if hasattr(m, "__path__")
       ^^^^^^^^^^^^^^^^^^^^^^
  File "/Users/shauryakesarwani/lawline-ai/.venv/lib/python3.12/site-packages/transformers/__init__.py", line 862, in _getattr
    return getattr(importlib.import_module(target, __name__), name)
                   ^^^^^^^^^^^^^^^^^^^^^^^^^^^^^^^^^^^^^^^^^
  File "/opt/homebrew/Cellar/python@3.12/3.12.7_1/Frameworks/Python.framework/Versions/3.12/lib/python3.12/importlib/__init__.py", line 90, in import_module
    return _bootstrap._gcd_import(name[level:], package, level)
           ^^^^^^^^^^^^^^^^^^^^^^^^^^^^^^^^^^^^^^^^^^^^^^^^^^^^
  File "<frozen importlib._bootstrap>", line 1387, in _gcd_import
  File "<frozen importlib._bootstrap>", line 1360, in _find_and_load
  File "<frozen importlib._bootstrap>", line 1331, in _find_and_load_unlocked
  File "<frozen importlib._bootstrap>", line 935, in _load_unlocked
  File "<frozen importlib._bootstrap_external>", line 995, in exec_module
  File "<frozen importlib._bootstrap>", line 488, in _call_with_frames_removed
  File "/Users/shauryakesarwani/lawline-ai/.venv/lib/python3.12/site-packages/transformers/models/videomae/image_processing_videomae.py", line 17, in <module>
    from torchvision.transforms.v2 import functional as tvF
ModuleNotFoundError: No module named 'torchvision'
2026-08-21 16:03:07.830 Examining the path of transformers.models.vilt.image_processing_vilt_fast raised:
Traceback (most recent call last):
  File "/Users/shauryakesarwani/lawline-ai/.venv/lib/python3.12/site-packages/streamlit/watcher/local_sources_watcher.py", line 340, in get_module_paths
    potential_paths = extract_paths(module)
                      ^^^^^^^^^^^^^^^^^^^^^
  File "/Users/shauryakesarwani/lawline-ai/.venv/lib/python3.12/site-packages/streamlit/watcher/local_sources_watcher.py", line 327, in <lambda>
    if hasattr(m, "__path__")
       ^^^^^^^^^^^^^^^^^^^^^^
  File "/Users/shauryakesarwani/lawline-ai/.venv/lib/python3.12/site-packages/transformers/__init__.py", line 862, in _getattr
    return getattr(importlib.import_module(target, __name__), name)
                   ^^^^^^^^^^^^^^^^^^^^^^^^^^^^^^^^^^^^^^^^^
  File "/opt/homebrew/Cellar/python@3.12/3.12.7_1/Frameworks/Python.framework/Versions/3.12/lib/python3.12/importlib/__init__.py", line 90, in import_module
    return _bootstrap._gcd_import(name[level:], package, level)
           ^^^^^^^^^^^^^^^^^^^^^^^^^^^^^^^^^^^^^^^^^^^^^^^^^^^^
  File "<frozen importlib._bootstrap>", line 1387, in _gcd_import
  File "<frozen importlib._bootstrap>", line 1360, in _find_and_load
  File "<frozen importlib._bootstrap>", line 1331, in _find_and_load_unlocked
  File "<frozen importlib._bootstrap>", line 935, in _load_unlocked
  File "<frozen importlib._bootstrap_external>", line 995, in exec_module
  File "<frozen importlib._bootstrap>", line 488, in _call_with_frames_removed
  File "/Users/shauryakesarwani/lawline-ai/.venv/lib/python3.12/site-packages/transformers/models/vilt/image_processing_vilt.py", line 17, in <module>
    from torchvision.transforms.v2 import functional as tvF
ModuleNotFoundError: No module named 'torchvision'
2026-08-21 16:03:07.835 Examining the path of transformers.models.vitmatte.image_processing_vitmatte_fast raised:
Traceback (most recent call last):
  File "/Users/shauryakesarwani/lawline-ai/.venv/lib/python3.12/site-packages/streamlit/watcher/local_sources_watcher.py", line 340, in get_module_paths
    potential_paths = extract_paths(module)
                      ^^^^^^^^^^^^^^^^^^^^^
  File "/Users/shauryakesarwani/lawline-ai/.venv/lib/python3.12/site-packages/streamlit/watcher/local_sources_watcher.py", line 327, in <lambda>
    if hasattr(m, "__path__")
       ^^^^^^^^^^^^^^^^^^^^^^
  File "/Users/shauryakesarwani/lawline-ai/.venv/lib/python3.12/site-packages/transformers/__init__.py", line 862, in _getattr
    return getattr(importlib.import_module(target, __name__), name)
                   ^^^^^^^^^^^^^^^^^^^^^^^^^^^^^^^^^^^^^^^^^
  File "/opt/homebrew/Cellar/python@3.12/3.12.7_1/Frameworks/Python.framework/Versions/3.12/lib/python3.12/importlib/__init__.py", line 90, in import_module
    return _bootstrap._gcd_import(name[level:], package, level)
           ^^^^^^^^^^^^^^^^^^^^^^^^^^^^^^^^^^^^^^^^^^^^^^^^^^^^
  File "<frozen importlib._bootstrap>", line 1387, in _gcd_import
  File "<frozen importlib._bootstrap>", line 1360, in _find_and_load
  File "<frozen importlib._bootstrap>", line 1331, in _find_and_load_unlocked
  File "<frozen importlib._bootstrap>", line 935, in _load_unlocked
  File "<frozen importlib._bootstrap_external>", line 995, in exec_module
  File "<frozen importlib._bootstrap>", line 488, in _call_with_frames_removed
  File "/Users/shauryakesarwani/lawline-ai/.venv/lib/python3.12/site-packages/transformers/models/vitmatte/image_processing_vitmatte.py", line 19, in <module>
    from torchvision.transforms.v2 import functional as tvF
ModuleNotFoundError: No module named 'torchvision'
2026-08-21 16:03:07.839 Examining the path of transformers.models.vitpose.image_processing_vitpose_fast raised:
Traceback (most recent call last):
  File "/Users/shauryakesarwani/lawline-ai/.venv/lib/python3.12/site-packages/streamlit/watcher/local_sources_watcher.py", line 340, in get_module_paths
    potential_paths = extract_paths(module)
                      ^^^^^^^^^^^^^^^^^^^^^
  File "/Users/shauryakesarwani/lawline-ai/.venv/lib/python3.12/site-packages/streamlit/watcher/local_sources_watcher.py", line 327, in <lambda>
    if hasattr(m, "__path__")
       ^^^^^^^^^^^^^^^^^^^^^^
  File "/Users/shauryakesarwani/lawline-ai/.venv/lib/python3.12/site-packages/transformers/__init__.py", line 862, in _getattr
    return getattr(importlib.import_module(target, __name__), name)
                   ^^^^^^^^^^^^^^^^^^^^^^^^^^^^^^^^^^^^^^^^^
  File "/opt/homebrew/Cellar/python@3.12/3.12.7_1/Frameworks/Python.framework/Versions/3.12/lib/python3.12/importlib/__init__.py", line 90, in import_module
    return _bootstrap._gcd_import(name[level:], package, level)
           ^^^^^^^^^^^^^^^^^^^^^^^^^^^^^^^^^^^^^^^^^^^^^^^^^^^^
  File "<frozen importlib._bootstrap>", line 1387, in _gcd_import
  File "<frozen importlib._bootstrap>", line 1360, in _find_and_load
  File "<frozen importlib._bootstrap>", line 1331, in _find_and_load_unlocked
  File "<frozen importlib._bootstrap>", line 935, in _load_unlocked
  File "<frozen importlib._bootstrap_external>", line 995, in exec_module
  File "<frozen importlib._bootstrap>", line 488, in _call_with_frames_removed
  File "/Users/shauryakesarwani/lawline-ai/.venv/lib/python3.12/site-packages/transformers/models/vitpose/image_processing_vitpose.py", line 22, in <module>
    from torchvision.transforms.v2 import functional as tvF
ModuleNotFoundError: No module named 'torchvision'
2026-08-21 16:03:07.846 Examining the path of transformers.models.yolos.image_processing_yolos_fast raised:
Traceback (most recent call last):
  File "/Users/shauryakesarwani/lawline-ai/.venv/lib/python3.12/site-packages/streamlit/watcher/local_sources_watcher.py", line 340, in get_module_paths
    potential_paths = extract_paths(module)
                      ^^^^^^^^^^^^^^^^^^^^^
  File "/Users/shauryakesarwani/lawline-ai/.venv/lib/python3.12/site-packages/streamlit/watcher/local_sources_watcher.py", line 327, in <lambda>
    if hasattr(m, "__path__")
       ^^^^^^^^^^^^^^^^^^^^^^
  File "/Users/shauryakesarwani/lawline-ai/.venv/lib/python3.12/site-packages/transformers/__init__.py", line 862, in _getattr
    return getattr(importlib.import_module(target, __name__), name)
                   ^^^^^^^^^^^^^^^^^^^^^^^^^^^^^^^^^^^^^^^^^
  File "/opt/homebrew/Cellar/python@3.12/3.12.7_1/Frameworks/Python.framework/Versions/3.12/lib/python3.12/importlib/__init__.py", line 90, in import_module
    return _bootstrap._gcd_import(name[level:], package, level)
           ^^^^^^^^^^^^^^^^^^^^^^^^^^^^^^^^^^^^^^^^^^^^^^^^^^^^
  File "<frozen importlib._bootstrap>", line 1387, in _gcd_import
  File "<frozen importlib._bootstrap>", line 1360, in _find_and_load
  File "<frozen importlib._bootstrap>", line 1331, in _find_and_load_unlocked
  File "<frozen importlib._bootstrap>", line 935, in _load_unlocked
  File "<frozen importlib._bootstrap_external>", line 995, in exec_module
  File "<frozen importlib._bootstrap>", line 488, in _call_with_frames_removed
  File "/Users/shauryakesarwani/lawline-ai/.venv/lib/python3.12/site-packages/transformers/models/yolos/image_processing_yolos.py", line 12, in <module>
    from torchvision.io import read_image
ModuleNotFoundError: No module named 'torchvision'
2026-08-21 16:03:07.851 Examining the path of transformers.models.zoedepth.image_processing_zoedepth_fast raised:
Traceback (most recent call last):
  File "/Users/shauryakesarwani/lawline-ai/.venv/lib/python3.12/site-packages/streamlit/watcher/local_sources_watcher.py", line 340, in get_module_paths
    potential_paths = extract_paths(module)
                      ^^^^^^^^^^^^^^^^^^^^^
  File "/Users/shauryakesarwani/lawline-ai/.venv/lib/python3.12/site-packages/streamlit/watcher/local_sources_watcher.py", line 327, in <lambda>
    if hasattr(m, "__path__")
       ^^^^^^^^^^^^^^^^^^^^^^
  File "/Users/shauryakesarwani/lawline-ai/.venv/lib/python3.12/site-packages/transformers/__init__.py", line 862, in _getattr
    return getattr(importlib.import_module(target, __name__), name)
                   ^^^^^^^^^^^^^^^^^^^^^^^^^^^^^^^^^^^^^^^^^
  File "/opt/homebrew/Cellar/python@3.12/3.12.7_1/Frameworks/Python.framework/Versions/3.12/lib/python3.12/importlib/__init__.py", line 90, in import_module
    return _bootstrap._gcd_import(name[level:], package, level)
           ^^^^^^^^^^^^^^^^^^^^^^^^^^^^^^^^^^^^^^^^^^^^^^^^^^^^
  File "<frozen importlib._bootstrap>", line 1387, in _gcd_import
  File "<frozen importlib._bootstrap>", line 1360, in _find_and_load
  File "<frozen importlib._bootstrap>", line 1331, in _find_and_load_unlocked
  File "<frozen importlib._bootstrap>", line 935, in _load_unlocked
  File "<frozen importlib._bootstrap_external>", line 995, in exec_module
  File "<frozen importlib._bootstrap>", line 488, in _call_with_frames_removed
  File "/Users/shauryakesarwani/lawline-ai/.venv/lib/python3.12/site-packages/transformers/models/zoedepth/image_processing_zoedepth.py", line 43, in <module>
    from torchvision.transforms.v2 import functional as tvF
ModuleNotFoundError: No module named 'torchvision'
2026-08-21 16:04:49.787 An update to the [server] config option section was detected. To have these changes be reflected, please restart streamlit.
2026-08-21 16:05:32.537 Please replace `use_container_width` with `width`.

`use_container_width` will be removed after 2025-12-31.

For `use_container_width=True`, use `width='stretch'`. For `use_container_width=False`, use `width='content'`.
2026-08-21 16:05:32.553 Please replace `use_container_width` with `width`.

`use_container_width` will be removed after 2025-12-31.

For `use_container_width=True`, use `width='stretch'`. For `use_container_width=False`, use `width='content'`.
2026-08-21 16:05:32.669 ::1:63037 - "GET /static/js/remark-emoji._LH4sZI0.js HTTP/1.1" 200
2026-08-21 16:05:32.669 ::1:63038 - "GET /static/js/lib.Dd69Svmo.js HTTP/1.1" 200
2026-08-21 16:05:36.699 ::1:63038 - "GET /static/js/DownloadButton.DAEPMADz.js HTTP/1.1" 200
2026-08-21 16:05:36.739 ::1:63038 - "GET /media/a5a2b2ced811af540d063514a272e45c.bin HTTP/1.1" 200
